site,date,ACCUMULATED PRECIPITATION,SWE,AIR TEMP,DISCHARGE,ROS
817:WA:SNTL,2018-03-31,63.3,31.9,44.06,247.0,0.0
817:WA:SNTL,2019-01-01,31.5,15.2,31.1,249.0,0.0
817:WA:SNTL,2019-01-02,31.6,15.2,35.6,225.0,1.0
817:WA:SNTL,2019-01-03,33.0,15.9,42.08,336.0,1.0
817:WA:SNTL,2019-01-04,34.0,16.1,36.68,1020.0,1.0
817:WA:SNTL,2019-01-05,34.0,16.0,36.14,967.0,1.0
817:WA:SNTL,2019-01-06,34.6,16.6,33.98,651.0,1.0
817:WA:SNTL,2019-01-07,34.7,16.7,27.68,525.0,0.0
817:WA:SNTL,2019-01-08,34.8,16.9,27.86,421.0,0.0
817:WA:SNTL,2019-01-09,35.4,17.5,35.06,354.0,1.0
817:WA:SNTL,2019-01-10,35.9,17.9,35.96,342.0,1.0
817:WA:SNTL,2019-01-11,35.9,18.0,39.38,342.0,1.0
817:WA:SNTL,2019-01-12,35.9,18.0,40.64,326.0,1.0
817:WA:SNTL,2019-01-13,35.9,17.9,40.46,297.0,1.0
817:WA:SNTL,2019-01-14,35.8,18.0,35.78,273.0,1.0
817:WA:SNTL,2019-01-15,35.9,18.0,41.0,254.0,1.0
817:WA:SNTL,2019-01-16,35.9,18.0,36.86,237.0,1.0
817:WA:SNTL,2019-01-17,36.0,18.0,36.68,223.0,1.0
817:WA:SNTL,2019-01-18,36.1,18.1,36.32,230.0,1.0
817:WA:SNTL,2019-01-19,37.0,19.0,34.34,257.0,1.0
817:WA:SNTL,2019-01-20,37.0,19.1,32.72,254.0,0.0
817:WA:SNTL,2019-01-21,37.0,19.1,29.12,239.0,0.0
817:WA:SNTL,2019-01-22,37.1,19.2,34.34,220.0,1.0
817:WA:SNTL,2019-01-23,38.5,20.5,36.14,220.0,1.0
817:WA:SNTL,2019-01-24,38.5,20.5,36.68,209.0,1.0
817:WA:SNTL,2019-01-25,38.6,20.5,36.86,194.0,0.0
817:WA:SNTL,2019-01-26,38.5,20.4,38.12,185.0,1.0
817:WA:SNTL,2019-01-27,38.5,20.4,39.56,177.0,1.0
817:WA:SNTL,2019-01-28,38.3,20.4,33.8,169.0,0.0
817:WA:SNTL,2019-01-29,38.3,20.4,33.44,165.0,1.0
817:WA:SNTL,2019-01-30,38.3,20.4,36.32,158.0,1.0
817:WA:SNTL,2019-01-31,38.4,20.3,37.22,152.0,1.0
817:WA:SNTL,2019-02-01,38.7,20.3,37.94,189.0,1.0
817:WA:SNTL,2019-02-02,39.1,20.7,38.3,265.0,1.0
817:WA:SNTL,2019-02-03,39.1,20.8,29.84,265.0,0.0
817:WA:SNTL,2019-02-04,39.1,20.9,24.08,247.0,0.0
817:WA:SNTL,2019-02-05,39.0,21.0,19.4,216.0,0.0
817:WA:SNTL,2019-02-06,39.0,21.0,21.74,195.0,0.0
817:WA:SNTL,2019-02-07,39.1,21.0,28.94,178.0,0.0
817:WA:SNTL,2019-02-08,39.3,21.2,23.9,169.0,0.0
817:WA:SNTL,2019-02-09,39.7,21.4,17.06,160.0,0.0
817:WA:SNTL,2019-02-10,39.7,21.4,21.02,151.0,0.0
817:WA:SNTL,2019-02-11,39.9,21.6,19.4,143.0,0.0
817:WA:SNTL,2019-02-12,40.8,22.5,23.0,139.0,0.0
817:WA:SNTL,2019-02-13,41.7,23.2,29.48,136.0,0.0
817:WA:SNTL,2019-02-14,41.7,23.1,33.26,138.0,1.0
817:WA:SNTL,2019-02-15,41.9,23.1,35.06,133.0,1.0
817:WA:SNTL,2019-02-16,42.0,23.2,34.7,129.0,0.0
817:WA:SNTL,2019-02-17,42.0,23.2,31.82,125.0,0.0
817:WA:SNTL,2019-02-18,42.0,23.0,28.58,120.0,0.0
817:WA:SNTL,2019-02-19,42.0,23.2,32.36,115.0,0.0
817:WA:SNTL,2019-02-20,42.2,23.2,28.94,113.0,0.0
817:WA:SNTL,2019-02-21,42.2,23.2,31.1,110.0,0.0
817:WA:SNTL,2019-02-22,42.3,23.4,27.14,107.0,0.0
817:WA:SNTL,2019-02-23,42.4,23.4,30.38,107.0,0.0
817:WA:SNTL,2019-02-24,42.4,23.5,28.04,103.0,0.0
817:WA:SNTL,2019-02-25,42.5,23.6,26.96,100.0,0.0
817:WA:SNTL,2019-02-26,42.4,23.5,25.34,98.5999984741211,0.0
817:WA:SNTL,2019-02-27,42.4,23.6,29.48,95.80000305175781,0.0
817:WA:SNTL,2019-02-28,42.6,23.6,31.82,94.4000015258789,0.0
817:WA:SNTL,2019-03-01,42.5,23.6,34.52,91.69999694824219,0.0
817:WA:SNTL,2019-03-02,42.6,23.7,30.56,90.30000305175781,0.0
817:WA:SNTL,2019-03-03,42.5,23.7,27.32,89.0,0.0
817:WA:SNTL,2019-03-04,42.5,23.7,26.78,87.5999984741211,0.0
817:WA:SNTL,2019-03-05,42.5,23.8,27.32,86.30000305175781,0.0
817:WA:SNTL,2019-03-06,42.6,23.8,34.7,83.19999694824219,1.0
817:WA:SNTL,2019-03-07,42.7,23.9,30.38,83.19999694824219,0.0
817:WA:SNTL,2019-03-08,42.8,23.9,33.62,81.9000015258789,1.0
817:WA:SNTL,2019-03-09,42.8,23.9,36.32,80.69999694824219,1.0
817:WA:SNTL,2019-03-10,42.8,23.9,40.28,79.4000015258789,1.0
817:WA:SNTL,2019-03-11,42.8,23.9,41.36,78.19999694824219,1.0
817:WA:SNTL,2019-03-12,43.1,24.2,36.68,79.30000305175781,0.0
817:WA:SNTL,2019-03-13,43.2,24.2,34.88,78.0999984741211,1.0
817:WA:SNTL,2019-03-14,43.2,24.2,39.02,76.9000015258789,0.0
817:WA:SNTL,2019-03-15,43.1,24.2,48.02,75.69999694824219,1.0
817:WA:SNTL,2019-03-16,43.1,24.2,51.98,75.5999984741211,1.0
817:WA:SNTL,2019-03-17,43.1,24.1,53.6,77.80000305175781,1.0
817:WA:SNTL,2019-03-18,43.1,24.3,53.24,83.5999984741211,1.0
817:WA:SNTL,2019-03-19,43.2,24.3,56.12,91.0,1.0
817:WA:SNTL,2019-03-20,43.1,24.4,56.48,107.0,1.0
817:WA:SNTL,2019-03-21,43.1,24.1,57.2,140.0,1.0
817:WA:SNTL,2019-03-22,43.1,23.9,53.06,168.0,1.0
817:WA:SNTL,2019-03-23,43.1,23.5,48.02,188.0,1.0
817:WA:SNTL,2019-03-24,43.2,23.4,42.8,221.0,1.0
817:WA:SNTL,2019-03-25,43.4,23.2,42.98,239.0,1.0
817:WA:SNTL,2019-03-26,43.5,23.2,42.98,267.0,1.0
817:WA:SNTL,2019-03-27,43.5,23.2,45.32,269.0,1.0
817:WA:SNTL,2019-03-28,43.6,23.0,44.96,259.0,1.0
817:WA:SNTL,2019-03-29,43.6,22.9,46.4,244.0,1.0
817:WA:SNTL,2019-03-30,43.6,23.1,51.44,239.0,0.0
817:WA:SNTL,2019-03-31,43.6,23.2,51.08,248.0,1.0
817:WA:SNTL,2020-01-01,23.9,8.1,39.92,330.0,0.0
817:WA:SNTL,2020-01-02,24.3,8.3,36.68,348.0,0.0
817:WA:SNTL,2020-01-03,24.6,8.5,46.4,312.0,0.0
817:WA:SNTL,2020-01-04,25.7,9.4,44.96,609.0,0.0
817:WA:SNTL,2020-01-05,25.9,9.7,29.48,590.0,0.0
817:WA:SNTL,2020-01-06,27.6,11.0,36.32,434.0,0.0
817:WA:SNTL,2020-01-07,29.4,11.2,35.6,442.0,0.0
817:WA:SNTL,2020-01-08,29.8,11.4,34.52,586.0,0.0
817:WA:SNTL,2020-01-09,29.9,11.4,27.14,544.0,0.0
817:WA:SNTL,2020-01-10,30.5,11.8,26.96,418.0,0.0
817:WA:SNTL,2020-01-11,30.7,12.0,32.36,366.0,0.0
817:WA:SNTL,2020-01-12,31.0,12.5,29.66,310.0,0.0
817:WA:SNTL,2020-01-13,31.2,12.6,26.96,288.0,0.0
817:WA:SNTL,2020-01-14,31.3,12.8,7.34,251.0,0.0
817:WA:SNTL,2020-01-15,31.6,13.2,19.58,231.0,0.0
817:WA:SNTL,2020-01-16,32.3,13.7,29.48,220.0,0.0
817:WA:SNTL,2020-01-17,32.4,13.7,24.8,204.0,0.0
817:WA:SNTL,2020-01-18,32.9,14.2,31.46,190.0,0.0
817:WA:SNTL,2020-01-19,32.9,14.3,37.04,190.0,1.0
817:WA:SNTL,2020-01-20,32.9,14.3,38.12,173.0,1.0
817:WA:SNTL,2020-01-21,33.1,14.5,35.6,168.0,1.0
817:WA:SNTL,2020-01-22,33.9,15.4,34.52,184.0,1.0
817:WA:SNTL,2020-01-23,35.1,16.0,35.78,258.0,1.0
817:WA:SNTL,2020-01-24,35.9,16.1,36.14,479.0,0.0
817:WA:SNTL,2020-01-25,36.1,16.3,37.04,540.0,1.0
817:WA:SNTL,2020-01-26,36.3,16.6,36.86,475.0,1.0
817:WA:SNTL,2020-01-27,36.5,16.8,35.24,407.0,1.0
817:WA:SNTL,2020-01-28,37.2,17.4,35.24,396.0,0.0
817:WA:SNTL,2020-01-29,37.4,17.7,34.88,359.0,1.0
817:WA:SNTL,2020-01-30,37.5,17.7,34.88,359.0,0.0
817:WA:SNTL,2020-01-31,38.7,18.2,41.36,418.0,1.0
817:WA:SNTL,2020-02-01,42.3,18.5,39.74,3090.0,0.0
817:WA:SNTL,2020-02-02,42.7,18.3,29.66,3140.0,0.0
817:WA:SNTL,2020-02-03,42.8,18.4,24.44,1560.0,0.0
817:WA:SNTL,2020-02-04,42.8,18.5,25.34,962.0,0.0
817:WA:SNTL,2020-02-05,43.2,18.9,35.24,679.0,0.0
817:WA:SNTL,2020-02-06,43.7,19.6,34.7,526.0,1.0
817:WA:SNTL,2020-02-07,44.0,19.9,35.96,438.0,0.0
817:WA:SNTL,2020-02-08,44.7,20.5,35.06,418.0,1.0
817:WA:SNTL,2020-02-09,44.9,20.6,33.26,373.0,0.0
817:WA:SNTL,2020-02-10,44.8,20.6,36.14,325.0,0.0
817:WA:SNTL,2020-02-11,44.8,20.6,36.32,295.0,0.0
817:WA:SNTL,2020-02-12,44.8,20.6,38.12,274.0,0.0
817:WA:SNTL,2020-02-13,44.9,20.6,35.06,258.0,1.0
817:WA:SNTL,2020-02-14,45.0,20.8,32.54,242.0,0.0
817:WA:SNTL,2020-02-15,45.1,21.0,37.04,231.0,0.0
817:WA:SNTL,2020-02-16,45.3,21.2,33.26,216.0,1.0
817:WA:SNTL,2020-02-17,45.6,21.4,31.46,204.0,0.0
817:WA:SNTL,2020-02-18,45.6,21.4,32.0,192.0,0.0
817:WA:SNTL,2020-02-19,45.6,21.4,34.52,183.0,1.0
817:WA:SNTL,2020-02-20,45.6,21.3,41.0,173.0,1.0
817:WA:SNTL,2020-02-21,45.6,21.3,43.34,166.0,1.0
817:WA:SNTL,2020-02-22,45.6,21.3,38.66,161.0,1.0
817:WA:SNTL,2020-02-23,46.4,22.2,33.62,159.0,0.0
817:WA:SNTL,2020-02-24,47.1,22.8,32.18,162.0,0.0
817:WA:SNTL,2020-02-25,47.2,22.8,38.12,153.0,1.0
817:WA:SNTL,2020-02-26,47.2,22.8,39.02,145.0,1.0
817:WA:SNTL,2020-02-27,47.2,22.8,37.22,142.0,1.0
817:WA:SNTL,2020-02-28,47.2,22.7,42.62,138.0,1.0
817:WA:SNTL,2020-02-29,47.7,23.2,38.3,152.0,1.0
817:WA:SNTL,2020-03-01,47.8,23.2,35.42,143.0,1.0
817:WA:SNTL,2020-03-02,47.8,23.3,34.7,137.0,1.0
817:WA:SNTL,2020-03-03,47.9,23.4,41.9,138.0,1.0
817:WA:SNTL,2020-03-04,48.3,23.9,38.12,145.0,1.0
817:WA:SNTL,2020-03-05,48.4,23.9,42.62,139.0,1.0
817:WA:SNTL,2020-03-06,48.7,24.3,39.74,152.0,1.0
817:WA:SNTL,2020-03-07,48.8,24.4,35.06,147.0,1.0
817:WA:SNTL,2020-03-08,49.0,24.5,33.62,143.0,0.0
817:WA:SNTL,2020-03-09,49.0,24.5,36.14,140.0,0.0
817:WA:SNTL,2020-03-10,49.0,24.6,35.42,133.0,1.0
817:WA:SNTL,2020-03-11,49.1,24.7,36.14,132.0,1.0
817:WA:SNTL,2020-03-12,49.1,24.7,36.32,129.0,0.0
817:WA:SNTL,2020-03-13,49.4,25.1,32.9,124.0,0.0
817:WA:SNTL,2020-03-14,49.7,25.2,23.18,122.0,0.0
817:WA:SNTL,2020-03-15,49.7,25.3,32.9,118.0,1.0
817:WA:SNTL,2020-03-16,49.7,25.3,45.86,113.0,1.0
817:WA:SNTL,2020-03-17,49.7,25.4,45.68,110.0,1.0
817:WA:SNTL,2020-03-18,49.7,25.4,46.4,109.0,0.0
817:WA:SNTL,2020-03-19,49.7,25.3,49.1,107.0,1.0
817:WA:SNTL,2020-03-20,49.7,25.2,49.28,107.0,1.0
817:WA:SNTL,2020-03-21,49.7,25.1,48.92,113.0,1.0
817:WA:SNTL,2020-03-22,49.7,25.1,46.4,121.0,1.0
817:WA:SNTL,2020-03-23,49.7,25.2,42.98,129.0,1.0
817:WA:SNTL,2020-03-24,49.8,25.3,36.32,130.0,0.0
817:WA:SNTL,2020-03-25,50.0,25.5,39.02,130.0,1.0
817:WA:SNTL,2020-03-26,50.0,25.6,35.6,129.0,0.0
817:WA:SNTL,2020-03-27,50.0,25.6,39.74,127.0,0.0
817:WA:SNTL,2020-03-28,49.9,25.6,42.62,130.0,1.0
817:WA:SNTL,2020-03-29,50.4,25.7,38.3,188.0,1.0
817:WA:SNTL,2020-03-30,50.7,26.1,37.04,214.0,1.0
817:WA:SNTL,2020-03-31,50.9,26.3,34.52,220.0,0.0
817:WA:SNTL,2021-01-01,32.6,14.3,35.6,204.0,1.0
817:WA:SNTL,2021-01-02,33.1,15.0,37.22,462.0,0.0
817:WA:SNTL,2021-01-03,34.3,16.6,34.34,842.0,0.0
817:WA:SNTL,2021-01-04,34.6,17.4,32.72,654.0,1.0
817:WA:SNTL,2021-01-05,34.9,17.9,32.18,531.0,0.0
817:WA:SNTL,2021-01-06,36.6,19.0,35.6,467.0,0.0
817:WA:SNTL,2021-01-07,36.7,19.0,31.1,415.0,0.0
817:WA:SNTL,2021-01-08,36.6,19.0,34.7,352.0,1.0
817:WA:SNTL,2021-01-09,36.7,19.0,33.26,312.0,0.0
817:WA:SNTL,2021-01-10,37.0,19.0,36.14,281.0,1.0
817:WA:SNTL,2021-01-11,36.8,19.1,36.14,264.0,1.0
817:WA:SNTL,2021-01-12,38.5,20.7,35.06,330.0,0.0
817:WA:SNTL,2021-01-13,40.7,21.7,36.86,1260.0,0.0
817:WA:SNTL,2021-01-14,40.9,22.5,33.98,1110.0,0.0
817:WA:SNTL,2021-01-15,41.1,22.7,38.3,694.0,1.0
817:WA:SNTL,2021-01-16,41.1,22.8,35.6,526.0,0.0
817:WA:SNTL,2021-01-17,41.3,22.8,36.14,426.0,0.0
817:WA:SNTL,2021-01-18,41.4,23.0,32.9,366.0,0.0
817:WA:SNTL,2021-01-19,41.4,23.0,31.82,323.0,0.0
817:WA:SNTL,2021-01-20,41.4,23.0,34.34,295.0,0.0
817:WA:SNTL,2021-01-21,41.4,23.0,34.88,274.0,0.0
817:WA:SNTL,2021-01-22,41.4,23.0,30.92,253.0,0.0
817:WA:SNTL,2021-01-23,41.4,23.0,28.22,238.0,0.0
817:WA:SNTL,2021-01-24,41.5,23.1,29.66,220.0,0.0
817:WA:SNTL,2021-01-25,41.4,23.1,30.74,210.0,0.0
817:WA:SNTL,2021-01-26,41.4,23.1,26.6,200.0,0.0
817:WA:SNTL,2021-01-27,41.5,23.1,28.58,188.0,0.0
817:WA:SNTL,2021-01-28,41.5,23.1,31.46,179.0,0.0
817:WA:SNTL,2021-01-29,41.5,23.1,32.18,175.0,0.0
817:WA:SNTL,2021-01-30,41.7,23.1,29.66,166.0,0.0
817:WA:SNTL,2021-01-31,42.2,23.4,35.06,164.0,1.0
817:WA:SNTL,2021-02-01,42.8,23.9,35.42,196.0,1.0
817:WA:SNTL,2021-02-02,43.7,24.5,36.32,231.0,1.0
817:WA:SNTL,2021-02-03,43.8,25.1,34.52,229.0,0.0
817:WA:SNTL,2021-02-04,43.9,25.2,32.0,206.0,0.0
817:WA:SNTL,2021-02-05,44.2,25.4,38.12,196.0,1.0
817:WA:SNTL,2021-02-06,44.6,25.6,33.62,188.0,1.0
817:WA:SNTL,2021-02-07,45.2,26.3,32.54,190.0,1.0
817:WA:SNTL,2021-02-08,45.5,26.7,27.86,177.0,0.0
817:WA:SNTL,2021-02-09,45.6,26.9,24.44,170.0,0.0
817:WA:SNTL,2021-02-10,45.6,27.0,21.38,161.0,0.0
817:WA:SNTL,2021-02-11,45.7,27.0,12.74,157.0,0.0
817:WA:SNTL,2021-02-12,45.8,27.2,14.9,150.0,0.0
817:WA:SNTL,2021-02-13,46.0,27.4,18.68,145.0,0.0
817:WA:SNTL,2021-02-14,46.2,27.6,27.14,142.0,0.0
817:WA:SNTL,2021-02-15,46.4,27.9,34.7,138.0,0.0
817:WA:SNTL,2021-02-16,46.7,28.3,33.62,135.0,0.0
817:WA:SNTL,2021-02-17,47.0,28.7,33.44,132.0,0.0
817:WA:SNTL,2021-02-18,47.1,28.7,29.84,129.0,0.0
817:WA:SNTL,2021-02-19,47.8,29.0,32.36,127.0,0.0
817:WA:SNTL,2021-02-20,48.0,29.5,32.9,124.0,0.0
817:WA:SNTL,2021-02-21,48.4,29.7,37.4,122.0,1.0
817:WA:SNTL,2021-02-22,50.7,30.6,38.84,179.0,1.0
817:WA:SNTL,2021-02-23,51.6,31.5,34.34,183.0,0.0
817:WA:SNTL,2021-02-24,51.9,32.3,34.34,173.0,0.0
817:WA:SNTL,2021-02-25,52.3,32.4,30.02,159.0,0.0
817:WA:SNTL,2021-02-26,53.4,33.1,33.26,159.0,1.0
817:WA:SNTL,2021-02-27,53.6,34.1,34.52,150.0,1.0
817:WA:SNTL,2021-02-28,53.7,34.1,41.72,142.0,0.0
817:WA:SNTL,2021-03-01,53.6,34.1,41.72,138.0,1.0
817:WA:SNTL,2021-03-02,53.6,34.1,38.84,137.0,1.0
817:WA:SNTL,2021-03-03,53.6,34.1,44.6,137.0,0.0
817:WA:SNTL,2021-03-04,53.7,34.1,45.14,135.0,0.0
817:WA:SNTL,2021-03-05,53.7,34.1,42.08,140.0,1.0
817:WA:SNTL,2021-03-06,53.7,34.1,36.14,148.0,1.0
817:WA:SNTL,2021-03-07,54.0,34.1,35.24,150.0,1.0
817:WA:SNTL,2021-03-08,54.1,34.1,37.76,150.0,1.0
817:WA:SNTL,2021-03-09,54.1,33.8,37.94,145.0,0.0
817:WA:SNTL,2021-03-10,54.1,33.8,40.82,142.0,1.0
817:WA:SNTL,2021-03-11,54.2,33.8,44.06,138.0,0.0
817:WA:SNTL,2021-03-12,54.1,33.8,44.6,135.0,0.0
817:WA:SNTL,2021-03-13,54.1,33.8,48.74,133.0,0.0
817:WA:SNTL,2021-03-14,54.1,33.8,45.68,133.0,1.0
817:WA:SNTL,2021-03-15,54.2,33.9,35.78,137.0,1.0
817:WA:SNTL,2021-03-16,54.2,33.9,41.36,137.0,0.0
817:WA:SNTL,2021-03-17,54.2,33.9,45.68,135.0,1.0
817:WA:SNTL,2021-03-18,54.2,33.9,44.6,137.0,1.0
817:WA:SNTL,2021-03-19,54.5,33.9,42.26,152.0,1.0
817:WA:SNTL,2021-03-20,54.7,33.9,36.86,162.0,1.0
817:WA:SNTL,2021-03-21,54.8,33.9,35.42,166.0,1.0
817:WA:SNTL,2021-03-22,54.9,34.5,35.78,170.0,0.0
817:WA:SNTL,2021-03-23,55.0,34.5,38.12,166.0,0.0
817:WA:SNTL,2021-03-24,55.1,34.5,36.14,164.0,1.0
817:WA:SNTL,2021-03-25,55.2,34.5,40.1,164.0,0.0
817:WA:SNTL,2021-03-26,55.2,34.5,43.16,162.0,1.0
817:WA:SNTL,2021-03-27,55.2,34.8,44.96,162.0,1.0
817:WA:SNTL,2021-03-28,55.5,34.8,41.9,216.0,1.0
817:WA:SNTL,2021-03-29,56.5,34.8,33.98,235.0,0.0
817:WA:SNTL,2021-03-30,56.6,34.8,36.86,225.0,1.0
817:WA:SNTL,2021-03-31,56.6,34.8,46.04,214.0,1.0
817:WA:SNTL,2022-01-01,44.0,13.8,23.0,175.0,0.0
817:WA:SNTL,2022-01-02,44.1,13.9,30.2,166.0,0.0
817:WA:SNTL,2022-01-03,44.7,15.2,26.06,173.0,0.0
817:WA:SNTL,2022-01-04,46.6,15.4,25.34,171.0,0.0
817:WA:SNTL,2022-01-05,46.6,15.8,23.9,164.0,0.0
817:WA:SNTL,2022-01-06,48.8,17.7,33.98,177.0,1.0
817:WA:SNTL,2022-01-07,50.1,18.6,36.5,214.0,1.0
817:WA:SNTL,2022-01-08,50.2,18.5,30.2,200.0,0.0
817:WA:SNTL,2022-01-09,50.4,18.5,38.84,179.0,0.0
817:WA:SNTL,2022-01-10,50.5,18.6,35.42,171.0,1.0
817:WA:SNTL,2022-01-11,51.4,19.5,39.92,235.0,1.0
817:WA:SNTL,2022-01-12,52.8,19.6,39.38,509.0,0.0
817:WA:SNTL,2022-01-13,53.0,19.5,38.12,775.0,1.0
817:WA:SNTL,2022-01-14,53.0,19.9,36.68,731.0,0.0
817:WA:SNTL,2022-01-15,53.0,20.0,38.84,567.0,1.0
817:WA:SNTL,2022-01-16,53.0,20.2,39.74,467.0,0.0
817:WA:SNTL,2022-01-17,53.0,20.4,40.82,407.0,1.0
817:WA:SNTL,2022-01-18,53.1,19.8,37.76,359.0,1.0
817:WA:SNTL,2022-01-19,53.2,20.2,38.3,333.0,1.0
817:WA:SNTL,2022-01-20,54.3,20.2,38.12,426.0,1.0
817:WA:SNTL,2022-01-21,54.5,20.8,37.4,492.0,1.0
817:WA:SNTL,2022-01-22,54.6,21.4,35.42,458.0,0.0
817:WA:SNTL,2022-01-23,54.6,20.7,37.4,392.0,0.0
817:WA:SNTL,2022-01-24,54.5,20.6,38.48,345.0,1.0
817:WA:SNTL,2022-01-25,54.7,21.4,35.78,320.0,1.0
817:WA:SNTL,2022-01-26,54.7,20.7,36.86,298.0,0.0
817:WA:SNTL,2022-01-27,54.7,20.5,41.9,276.0,0.0
817:WA:SNTL,2022-01-28,54.6,19.8,43.16,260.0,1.0
817:WA:SNTL,2022-01-29,54.6,19.6,42.62,249.0,1.0
817:WA:SNTL,2022-01-30,54.5,18.5,45.5,235.0,1.0
817:WA:SNTL,2022-01-31,55.3,19.3,34.34,285.0,0.0
817:WA:SNTL,2022-02-01,55.5,19.9,28.22,269.0,0.0
817:WA:SNTL,2022-02-02,55.8,20.0,25.88,253.0,0.0
817:WA:SNTL,2022-02-03,55.8,20.0,36.86,240.0,0.0
817:WA:SNTL,2022-02-04,55.8,20.2,34.7,229.0,1.0
817:WA:SNTL,2022-02-05,56.0,20.3,37.04,223.0,1.0
817:WA:SNTL,2022-02-06,56.1,20.7,41.72,212.0,0.0
817:WA:SNTL,2022-02-07,56.0,20.8,47.3,204.0,1.0
817:WA:SNTL,2022-02-08,56.1,20.9,35.96,198.0,1.0
817:WA:SNTL,2022-02-09,56.1,20.9,44.24,190.0,1.0
817:WA:SNTL,2022-02-10,56.1,21.2,43.88,186.0,1.0
817:WA:SNTL,2022-02-11,56.1,21.2,44.42,188.0,1.0
817:WA:SNTL,2022-02-12,56.2,21.7,46.58,188.0,0.0
817:WA:SNTL,2022-02-13,56.2,21.9,45.68,186.0,1.0
817:WA:SNTL,2022-02-14,56.2,21.9,36.5,184.0,0.0
817:WA:SNTL,2022-02-15,56.2,21.6,40.1,186.0,1.0
817:WA:SNTL,2022-02-16,56.2,21.5,40.1,184.0,1.0
817:WA:SNTL,2022-02-17,56.2,21.4,40.1,183.0,1.0
817:WA:SNTL,2022-02-18,56.2,21.4,40.1,181.0,1.0
817:WA:SNTL,2022-02-19,56.2,21.4,40.1,177.0,1.0
817:WA:SNTL,2022-02-20,57.0,22.2,40.1,184.0,1.0
817:WA:SNTL,2022-02-21,57.0,22.4,40.1,177.0,1.0
817:WA:SNTL,2022-02-22,57.0,22.6,40.1,171.0,1.0
817:WA:SNTL,2022-02-23,57.0,22.7,40.1,162.0,1.0
817:WA:SNTL,2022-02-24,57.0,23.0,40.1,161.0,1.0
817:WA:SNTL,2022-02-25,57.0,23.0,33.8,155.0,1.0
817:WA:SNTL,2022-02-26,57.1,23.0,34.16,150.0,1.0
817:WA:SNTL,2022-02-27,57.6,23.5,37.22,153.0,1.0
817:WA:SNTL,2022-02-28,60.1,26.7,35.42,198.0,1.0
817:WA:SNTL,2022-03-01,61.2,27.0,38.48,325.0,0.0
817:WA:SNTL,2022-03-02,61.4,26.7,39.02,407.0,1.0
817:WA:SNTL,2022-03-03,61.7,26.8,36.5,450.0,1.0
817:WA:SNTL,2022-03-04,61.8,26.9,37.58,434.0,1.0
817:WA:SNTL,2022-03-05,61.9,27.0,40.82,366.0,1.0
817:WA:SNTL,2022-03-06,61.9,27.3,42.08,320.0,1.0
817:WA:SNTL,2022-03-07,61.9,28.0,39.74,288.0,0.0
817:WA:SNTL,2022-03-08,62.0,28.5,37.94,267.0,0.0
817:WA:SNTL,2022-03-09,62.1,28.5,31.46,251.0,0.0
817:WA:SNTL,2022-03-10,62.2,28.2,35.78,231.0,1.0
817:WA:SNTL,2022-03-11,62.1,28.1,35.96,216.0,0.0
817:WA:SNTL,2022-03-12,62.1,28.5,46.04,204.0,1.0
817:WA:SNTL,2022-03-13,62.1,28.6,45.86,194.0,1.0
817:WA:SNTL,2022-03-14,62.2,28.4,42.26,190.0,1.0
817:WA:SNTL,2022-03-15,63.4,30.1,35.42,229.0,1.0
817:WA:SNTL,2022-03-16,64.2,30.6,42.62,238.0,1.0
817:WA:SNTL,2022-03-17,64.3,30.8,37.4,231.0,1.0
817:WA:SNTL,2022-03-18,64.4,30.8,42.62,223.0,1.0
817:WA:SNTL,2022-03-19,64.7,31.0,38.84,221.0,1.0
817:WA:SNTL,2022-03-20,65.0,31.0,35.06,225.0,0.0
817:WA:SNTL,2022-03-21,65.0,31.3,41.18,215.0,1.0
817:WA:SNTL,2022-03-22,65.1,31.4,52.7,206.0,1.0
817:WA:SNTL,2022-03-23,65.1,31.5,51.44,242.0,1.0
817:WA:SNTL,2022-03-24,65.4,31.5,42.62,331.0,1.0
817:WA:SNTL,2022-03-25,65.4,31.6,51.08,334.0,1.0
817:WA:SNTL,2022-03-26,65.4,31.3,48.02,308.0,1.0
817:WA:SNTL,2022-03-27,65.6,31.3,50.54,334.0,1.0
817:WA:SNTL,2022-03-28,65.6,31.0,45.86,481.0,1.0
817:WA:SNTL,2022-03-29,65.6,30.5,50.72,542.0,1.0
817:WA:SNTL,2022-03-30,65.7,30.1,40.46,560.0,1.0
817:WA:SNTL,2022-03-31,65.8,30.1,37.76,551.0,1.0
817:WA:SNTL,2023-01-01,24.1,14.0,32.54,384.0,0.0
817:WA:SNTL,2023-01-02,24.1,14.1,28.76,328.0,0.0
817:WA:SNTL,2023-01-03,24.1,14.0,32.18,293.0,0.0
817:WA:SNTL,2023-01-04,24.1,14.0,31.64,262.0,0.0
817:WA:SNTL,2023-01-05,24.2,14.0,34.7,238.0,1.0
817:WA:SNTL,2023-01-06,24.4,14.1,36.14,220.0,1.0
817:WA:SNTL,2023-01-07,24.6,14.4,35.42,208.0,1.0
817:WA:SNTL,2023-01-08,24.8,14.5,35.78,200.0,1.0
817:WA:SNTL,2023-01-09,24.9,14.7,34.7,198.0,1.0
817:WA:SNTL,2023-01-10,25.1,14.9,34.34,196.0,1.0
817:WA:SNTL,2023-01-11,25.2,14.9,35.96,190.0,0.0
817:WA:SNTL,2023-01-12,26.0,15.9,36.32,196.0,1.0
817:WA:SNTL,2023-01-13,27.1,16.4,37.94,363.0,0.0
817:WA:SNTL,2023-01-14,27.2,16.6,36.68,501.0,1.0
817:WA:SNTL,2023-01-15,27.3,16.7,38.66,475.0,0.0
817:WA:SNTL,2023-01-16,27.4,16.6,36.32,392.0,0.0
817:WA:SNTL,2023-01-17,27.4,16.5,35.06,333.0,0.0
817:WA:SNTL,2023-01-18,27.7,16.9,32.18,298.0,0.0
817:WA:SNTL,2023-01-19,27.7,16.9,30.92,281.0,0.0
817:WA:SNTL,2023-01-20,27.7,17.0,31.28,246.0,0.0
817:WA:SNTL,2023-01-21,27.8,17.3,35.6,225.0,1.0
817:WA:SNTL,2023-01-22,27.8,17.3,29.84,210.0,0.0
817:WA:SNTL,2023-01-23,27.8,17.2,33.8,194.0,0.0
817:WA:SNTL,2023-01-24,27.9,17.2,34.88,181.0,1.0
817:WA:SNTL,2023-01-25,27.9,17.2,38.12,170.0,0.0
817:WA:SNTL,2023-01-26,27.9,17.3,35.6,161.0,1.0
817:WA:SNTL,2023-01-27,28.0,17.6,35.78,155.0,1.0
817:WA:SNTL,2023-01-28,28.1,17.5,30.74,147.0,0.0
817:WA:SNTL,2023-01-29,28.1,17.4,23.72,142.0,0.0
817:WA:SNTL,2023-01-30,28.0,17.6,29.84,132.0,0.0
817:WA:SNTL,2023-01-31,28.0,17.6,29.48,127.0,0.0
817:WA:SNTL,2023-02-01,28.1,17.6,37.22,121.0,0.0
817:WA:SNTL,2023-02-02,28.1,17.4,42.98,118.0,1.0
817:WA:SNTL,2023-02-03,28.1,17.5,37.94,113.0,1.0
817:WA:SNTL,2023-02-04,28.3,17.7,38.12,119.0,1.0
817:WA:SNTL,2023-02-05,28.4,17.9,37.58,115.0,1.0
817:WA:SNTL,2023-02-06,28.5,17.8,38.3,110.0,0.0
817:WA:SNTL,2023-02-07,29.0,18.7,38.3,125.0,1.0
817:WA:SNTL,2023-02-08,30.3,19.8,33.26,132.0,0.0
817:WA:SNTL,2023-02-09,30.9,20.2,31.82,122.0,0.0
817:WA:SNTL,2023-02-10,31.4,20.4,39.92,122.0,1.0
817:WA:SNTL,2023-02-11,31.4,20.3,38.12,121.0,0.0
817:WA:SNTL,2023-02-12,31.4,20.2,39.74,116.0,1.0
817:WA:SNTL,2023-02-13,32.0,20.8,40.82,130.0,1.0
817:WA:SNTL,2023-02-14,32.1,20.8,32.9,130.0,0.0
817:WA:SNTL,2023-02-15,32.1,20.7,32.54,122.0,0.0
817:WA:SNTL,2023-02-16,32.1,20.8,35.42,118.0,1.0
817:WA:SNTL,2023-02-17,32.2,20.9,38.84,115.0,0.0
817:WA:SNTL,2023-02-18,32.2,21.1,35.06,112.0,1.0
817:WA:SNTL,2023-02-19,32.3,21.2,33.8,109.0,0.0
817:WA:SNTL,2023-02-20,32.5,21.8,37.76,107.0,1.0
817:WA:SNTL,2023-02-21,33.2,22.4,36.32,129.0,1.0
817:WA:SNTL,2023-02-22,33.5,22.4,28.58,122.0,0.0
817:WA:SNTL,2023-02-23,33.5,22.3,19.76,113.0,0.0
817:WA:SNTL,2023-02-24,33.5,22.1,26.06,107.0,0.0
817:WA:SNTL,2023-02-25,33.5,22.4,35.24,106.0,1.0
817:WA:SNTL,2023-02-26,33.9,22.8,32.36,105.0,1.0
817:WA:SNTL,2023-02-27,34.1,23.3,24.62,103.0,0.0
817:WA:SNTL,2023-02-28,34.1,23.4,30.92,98.9000015258789,0.0
817:WA:SNTL,2023-03-01,34.2,23.2,29.12,96.19999694824219,0.0
817:WA:SNTL,2023-03-02,34.6,23.8,29.48,96.19999694824219,0.0
817:WA:SNTL,2023-03-03,34.9,24.4,29.66,96.19999694824219,0.0
817:WA:SNTL,2023-03-04,35.0,24.6,29.66,93.5,0.0
817:WA:SNTL,2023-03-05,35.2,24.5,35.24,90.80000305175781,0.0
817:WA:SNTL,2023-03-06,35.2,24.4,33.26,88.19999694824219,1.0
817:WA:SNTL,2023-03-07,35.2,24.5,32.54,85.5999984741211,0.0
817:WA:SNTL,2023-03-08,35.3,24.6,34.16,84.30000305175781,1.0
817:WA:SNTL,2023-03-09,35.3,24.8,32.18,83.0,0.0
817:WA:SNTL,2023-03-10,35.3,25.0,34.52,81.80000305175781,0.0
817:WA:SNTL,2023-03-11,35.5,24.8,34.7,80.5,0.0
817:WA:SNTL,2023-03-12,35.5,25.1,34.88,79.30000305175781,1.0
817:WA:SNTL,2023-03-13,36.3,26.1,36.5,103.0,1.0
817:WA:SNTL,2023-03-14,37.2,27.3,35.6,103.0,1.0
817:WA:SNTL,2023-03-15,37.5,27.3,34.88,89.5,0.0
817:WA:SNTL,2023-03-16,37.5,27.3,38.3,86.9000015258789,0.0
817:WA:SNTL,2023-03-17,37.6,27.4,39.92,85.5999984741211,1.0
817:WA:SNTL,2023-03-18,37.5,27.4,44.24,84.30000305175781,1.0
817:WA:SNTL,2023-03-19,37.5,27.4,43.7,84.30000305175781,1.0
817:WA:SNTL,2023-03-20,37.5,27.4,41.72,84.30000305175781,1.0
817:WA:SNTL,2023-03-21,37.6,27.2,47.12,92.0999984741211,1.0
817:WA:SNTL,2023-03-22,37.6,27.2,48.38,97.5999984741211,1.0
817:WA:SNTL,2023-03-23,37.6,27.0,41.0,102.0,1.0
817:WA:SNTL,2023-03-24,37.9,27.1,36.68,106.0,1.0
817:WA:SNTL,2023-03-25,38.1,27.4,37.76,106.0,0.0
817:WA:SNTL,2023-03-26,38.2,27.4,36.5,105.0,1.0
817:WA:SNTL,2023-03-27,38.2,27.6,39.02,103.0,0.0
817:WA:SNTL,2023-03-28,38.2,27.7,42.08,100.0,1.0
817:WA:SNTL,2023-03-29,38.2,27.7,48.2,98.9000015258789,1.0
817:WA:SNTL,2023-03-30,38.2,27.6,44.96,100.0,1.0
817:WA:SNTL,2023-03-31,38.2,27.3,39.2,105.0,1.0
817:WA:SNTL,2024-01-01,29.4,9.1,29.3,242.0,0.0
817:WA:SNTL,2024-01-02,29.4,13.75,25.34,227.0,0.0
990:WA:SNTL,2011-01-01,26.6,18.4,22.46,175.0,0.0
990:WA:SNTL,2011-01-02,26.6,18.4,24.44,177.0,0.0
990:WA:SNTL,2011-01-03,26.6,18.3,25.34,170.0,0.0
990:WA:SNTL,2011-01-04,26.6,18.4,29.84,166.0,0.0
990:WA:SNTL,2011-01-05,26.5,18.5,33.08,163.0,0.0
990:WA:SNTL,2011-01-06,26.7,19.0,35.06,180.0,1.0
990:WA:SNTL,2011-01-07,27.3,19.5,35.06,231.0,1.0
990:WA:SNTL,2011-01-08,27.4,19.6,34.34,242.0,0.0
990:WA:SNTL,2011-01-09,27.6,19.3,25.52,207.0,0.0
990:WA:SNTL,2011-01-10,27.7,19.1,21.74,185.0,0.0
990:WA:SNTL,2011-01-11,27.7,19.0,22.64,173.0,0.0
990:WA:SNTL,2011-01-12,27.7,21.5,33.08,170.0,0.0
990:WA:SNTL,2011-01-13,28.0,23.0,34.7,220.0,1.0
990:WA:SNTL,2011-01-14,30.6,23.8,35.24,633.0,0.0
990:WA:SNTL,2011-01-15,33.5,23.8,36.5,756.0,1.0
990:WA:SNTL,2011-01-16,35.5,24.2,37.4,2860.0,1.0
990:WA:SNTL,2011-01-17,37.1,24.2,37.4,3660.0,1.0
990:WA:SNTL,2011-01-18,37.2,23.5,35.42,2140.0,1.0
990:WA:SNTL,2011-01-19,37.3,23.5,31.82,1220.0,0.0
990:WA:SNTL,2011-01-20,37.4,23.5,33.08,852.0,0.0
990:WA:SNTL,2011-01-21,37.8,24.1,34.7,662.0,1.0
990:WA:SNTL,2011-01-22,37.9,24.1,34.52,606.0,1.0
990:WA:SNTL,2011-01-23,38.0,24.0,35.06,510.0,1.0
990:WA:SNTL,2011-01-24,38.5,24.5,36.32,445.0,1.0
990:WA:SNTL,2011-01-25,38.6,24.7,38.66,465.0,1.0
990:WA:SNTL,2011-01-26,38.6,24.3,39.02,430.0,1.0
990:WA:SNTL,2011-01-27,38.7,24.2,39.74,400.0,1.0
990:WA:SNTL,2011-01-28,38.6,24.2,41.72,385.0,1.0
990:WA:SNTL,2011-01-29,38.9,24.8,35.06,400.0,1.0
990:WA:SNTL,2011-01-30,39.2,24.8,30.38,393.0,0.0
990:WA:SNTL,2011-01-31,39.6,24.5,19.58,368.0,0.0
990:WA:SNTL,2011-02-01,39.8,24.4,24.44,334.0,0.0
990:WA:SNTL,2011-02-02,39.9,24.4,34.34,311.0,0.0
990:WA:SNTL,2011-02-03,39.9,25.1,36.86,308.0,1.0
990:WA:SNTL,2011-02-04,40.8,26.2,37.58,736.0,1.0
990:WA:SNTL,2011-02-05,40.9,25.6,36.5,726.0,1.0
990:WA:SNTL,2011-02-06,41.1,25.0,34.88,526.0,1.0
990:WA:SNTL,2011-02-07,41.8,25.8,34.88,461.0,1.0
990:WA:SNTL,2011-02-08,42.0,25.8,32.0,437.0,0.0
990:WA:SNTL,2011-02-09,42.3,25.7,28.22,389.0,0.0
990:WA:SNTL,2011-02-10,42.3,25.7,30.56,354.0,0.0
990:WA:SNTL,2011-02-11,42.3,25.9,35.06,330.0,1.0
990:WA:SNTL,2011-02-12,42.5,26.9,34.7,327.0,1.0
990:WA:SNTL,2011-02-13,43.6,27.5,34.52,357.0,1.0
990:WA:SNTL,2011-02-14,44.0,28.6,34.52,320.0,1.0
990:WA:SNTL,2011-02-15,45.2,29.5,34.52,340.0,1.0
990:WA:SNTL,2011-02-16,45.7,30.0,33.44,320.0,1.0
990:WA:SNTL,2011-02-17,46.2,30.2,32.0,304.0,0.0
990:WA:SNTL,2011-02-18,46.4,30.3,33.62,289.0,0.0
990:WA:SNTL,2011-02-19,46.6,30.3,27.14,274.0,0.0
990:WA:SNTL,2011-02-20,46.9,30.3,23.18,256.0,0.0
990:WA:SNTL,2011-02-21,47.0,30.2,29.48,242.0,0.0
990:WA:SNTL,2011-02-22,46.6,30.6,30.56,239.0,0.0
990:WA:SNTL,2011-02-23,47.0,30.9,25.34,228.0,0.0
990:WA:SNTL,2011-02-24,47.3,30.9,17.6,223.0,0.0
990:WA:SNTL,2011-02-25,47.8,30.9,14.54,210.0,0.0
990:WA:SNTL,2011-02-26,48.1,31.0,22.82,202.0,0.0
990:WA:SNTL,2011-02-27,47.9,31.7,28.76,199.0,0.0
990:WA:SNTL,2011-02-28,48.9,32.8,31.64,199.0,0.0
990:WA:SNTL,2011-03-01,50.0,33.5,34.7,197.0,1.0
990:WA:SNTL,2011-03-02,50.7,34.6,34.7,192.0,1.0
990:WA:SNTL,2011-03-03,51.5,35.1,34.34,192.0,1.0
990:WA:SNTL,2011-03-04,52.2,35.5,33.98,185.0,1.0
990:WA:SNTL,2011-03-05,53.0,36.4,35.96,177.0,0.0
990:WA:SNTL,2011-03-06,53.2,36.5,36.14,175.0,1.0
990:WA:SNTL,2011-03-07,53.4,36.6,33.98,170.0,1.0
990:WA:SNTL,2011-03-08,53.4,36.8,36.14,168.0,1.0
990:WA:SNTL,2011-03-09,53.7,38.0,35.42,173.0,1.0
990:WA:SNTL,2011-03-10,55.0,39.6,35.96,187.0,1.0
990:WA:SNTL,2011-03-11,56.8,40.4,34.16,194.0,1.0
990:WA:SNTL,2011-03-12,57.4,41.6,35.06,185.0,1.0
990:WA:SNTL,2011-03-13,58.5,42.7,35.06,182.0,1.0
990:WA:SNTL,2011-03-14,60.1,44.0,38.12,197.0,1.0
990:WA:SNTL,2011-03-15,61.0,45.0,36.86,202.0,1.0
990:WA:SNTL,2011-03-16,62.3,46.2,37.58,215.0,1.0
990:WA:SNTL,2011-03-17,63.2,46.7,36.68,228.0,1.0
990:WA:SNTL,2011-03-18,63.5,46.8,39.2,212.0,1.0
990:WA:SNTL,2011-03-19,63.7,47.1,38.84,210.0,1.0
990:WA:SNTL,2011-03-20,63.9,47.2,37.94,202.0,1.0
990:WA:SNTL,2011-03-21,64.1,47.3,39.74,194.0,1.0
990:WA:SNTL,2011-03-22,64.1,47.4,39.02,192.0,1.0
990:WA:SNTL,2011-03-23,64.3,47.6,41.0,189.0,1.0
990:WA:SNTL,2011-03-24,64.6,47.7,43.16,187.0,1.0
990:WA:SNTL,2011-03-25,64.6,47.9,39.38,187.0,1.0
990:WA:SNTL,2011-03-26,64.7,48.0,42.62,189.0,1.0
990:WA:SNTL,2011-03-27,64.7,48.1,43.52,187.0,1.0
990:WA:SNTL,2011-03-28,64.8,48.2,41.54,194.0,1.0
990:WA:SNTL,2011-03-29,65.0,48.4,39.74,199.0,1.0
990:WA:SNTL,2011-03-30,65.8,49.0,37.22,262.0,1.0
990:WA:SNTL,2011-03-31,67.6,50.8,39.92,706.0,0.0
990:WA:SNTL,2012-01-01,29.3,20.5,31.82,361.0,0.0
990:WA:SNTL,2012-01-02,29.5,20.5,34.16,311.0,1.0
990:WA:SNTL,2012-01-03,30.0,21.1,34.7,304.0,1.0
990:WA:SNTL,2012-01-04,31.3,22.3,35.24,357.0,1.0
990:WA:SNTL,2012-01-05,33.0,23.1,35.06,629.0,1.0
990:WA:SNTL,2012-01-06,33.3,23.2,31.82,548.0,0.0
990:WA:SNTL,2012-01-07,33.4,23.1,30.56,430.0,0.0
990:WA:SNTL,2012-01-08,34.0,23.0,35.78,368.0,1.0
990:WA:SNTL,2012-01-09,34.1,23.1,36.32,327.0,1.0
990:WA:SNTL,2012-01-10,34.3,23.3,35.42,314.0,1.0
990:WA:SNTL,2012-01-11,34.4,23.1,25.88,292.0,0.0
990:WA:SNTL,2012-01-12,34.4,23.1,30.38,268.0,0.0
990:WA:SNTL,2012-01-13,34.4,23.2,32.54,259.0,0.0
990:WA:SNTL,2012-01-14,35.1,24.5,34.88,250.0,1.0
990:WA:SNTL,2012-01-15,35.5,24.9,23.9,239.0,0.0
990:WA:SNTL,2012-01-16,35.5,25.1,22.82,228.0,0.0
990:WA:SNTL,2012-01-17,36.1,26.0,22.82,215.0,0.0
990:WA:SNTL,2012-01-18,36.8,26.5,20.3,210.0,0.0
990:WA:SNTL,2012-01-19,37.2,26.7,12.02,220.0,0.0
990:WA:SNTL,2012-01-20,37.3,27.3,31.64,212.0,0.0
990:WA:SNTL,2012-01-21,39.2,29.4,33.08,210.0,1.0
990:WA:SNTL,2012-01-22,40.4,30.5,30.92,207.0,0.0
990:WA:SNTL,2012-01-23,41.4,31.0,35.06,189.0,1.0
990:WA:SNTL,2012-01-24,41.7,32.2,32.36,180.0,1.0
990:WA:SNTL,2012-01-25,43.6,33.7,34.16,228.0,1.0
990:WA:SNTL,2012-01-26,44.9,34.6,30.92,228.0,0.0
990:WA:SNTL,2012-01-27,45.2,34.6,30.74,210.0,0.0
990:WA:SNTL,2012-01-28,45.2,34.6,32.72,189.0,1.0
990:WA:SNTL,2012-01-29,45.5,36.0,34.88,361.0,1.0
990:WA:SNTL,2012-01-30,46.5,36.1,35.42,430.0,1.0
990:WA:SNTL,2012-01-31,46.7,35.3,34.34,371.0,1.0
990:WA:SNTL,2012-02-01,47.2,36.1,34.16,317.0,1.0
990:WA:SNTL,2012-02-02,47.5,36.0,31.64,292.0,0.0
990:WA:SNTL,2012-02-03,47.7,36.0,33.62,265.0,1.0
990:WA:SNTL,2012-02-04,47.9,36.0,33.44,248.0,0.0
990:WA:SNTL,2012-02-05,47.9,36.0,34.88,234.0,1.0
990:WA:SNTL,2012-02-06,47.9,36.0,34.16,223.0,1.0
990:WA:SNTL,2012-02-07,47.9,36.0,33.98,212.0,1.0
990:WA:SNTL,2012-02-08,47.9,36.0,35.96,207.0,1.0
990:WA:SNTL,2012-02-09,48.0,36.3,37.22,202.0,1.0
990:WA:SNTL,2012-02-10,48.0,36.3,39.38,197.0,1.0
990:WA:SNTL,2012-02-11,48.2,36.3,38.66,199.0,1.0
990:WA:SNTL,2012-02-12,48.2,36.3,37.04,202.0,1.0
990:WA:SNTL,2012-02-13,48.3,36.3,35.96,202.0,1.0
990:WA:SNTL,2012-02-14,48.3,36.4,30.74,199.0,0.0
990:WA:SNTL,2012-02-16,48.5,36.4,36.32,187.0,1.0
990:WA:SNTL,2012-02-17,48.5,36.5,36.32,185.0,1.0
990:WA:SNTL,2012-02-18,49.0,37.2,34.7,180.0,1.0
990:WA:SNTL,2012-02-19,49.1,37.3,32.9,180.0,1.0
990:WA:SNTL,2012-02-21,49.6,38.1,34.7,189.0,1.0
990:WA:SNTL,2012-02-22,50.6,39.4,34.34,337.0,1.0
990:WA:SNTL,2012-02-23,51.2,39.5,31.64,298.0,0.0
990:WA:SNTL,2012-02-27,52.8,40.8,24.98,207.0,0.0
990:WA:SNTL,2012-02-28,52.8,40.9,31.28,197.0,0.0
990:WA:SNTL,2012-02-29,53.1,41.2,29.12,192.0,0.0
990:WA:SNTL,2012-03-06,55.3,43.6,28.76,185.0,0.0
990:WA:SNTL,2012-03-07,55.5,43.4,32.9,180.0,0.0
990:WA:SNTL,2012-03-08,55.4,43.4,29.48,175.0,0.0
990:WA:SNTL,2012-03-13,60.3,48.7,30.2,185.0,0.0
990:WA:SNTL,2012-03-14,59.2,48.9,28.04,177.0,0.0
990:WA:SNTL,2012-03-15,62.1,51.8,34.7,197.0,0.0
990:WA:SNTL,2012-03-16,59.2,52.0,34.52,212.0,1.0
990:WA:SNTL,2012-03-19,65.5,53.5,34.16,192.0,1.0
990:WA:SNTL,2012-03-20,59.2,53.6,30.92,185.0,0.0
990:WA:SNTL,2012-03-23,67.4,55.3,36.14,154.0,0.0
990:WA:SNTL,2012-03-24,67.4,55.5,39.92,150.0,1.0
990:WA:SNTL,2012-03-25,67.6,55.5,45.68,146.0,1.0
990:WA:SNTL,2012-03-26,67.7,55.8,37.22,144.0,1.0
990:WA:SNTL,2012-03-27,67.7,55.8,42.26,142.0,1.0
990:WA:SNTL,2012-03-28,67.9,56.2,37.94,148.0,1.0
990:WA:SNTL,2012-03-29,68.6,58.7,35.24,168.0,1.0
990:WA:SNTL,2012-03-30,71.1,59.5,37.94,204.0,1.0
990:WA:SNTL,2012-03-31,71.7,60.2,35.06,210.0,1.0
990:WA:SNTL,2013-01-01,46.7,27.6,27.14,144.0,0.0
990:WA:SNTL,2013-01-02,46.8,27.6,29.3,137.0,0.0
990:WA:SNTL,2013-01-03,46.8,27.6,28.58,135.0,0.0
990:WA:SNTL,2013-01-04,47.0,27.9,34.7,135.0,0.0
990:WA:SNTL,2013-01-05,47.2,28.1,32.72,133.0,0.0
990:WA:SNTL,2013-01-06,47.6,28.5,33.98,133.0,1.0
990:WA:SNTL,2013-01-07,48.2,29.1,35.42,139.0,1.0
990:WA:SNTL,2013-01-08,48.3,29.9,35.06,159.0,1.0
990:WA:SNTL,2013-01-09,49.6,31.8,34.16,411.0,1.0
990:WA:SNTL,2013-01-10,50.8,31.4,31.28,411.0,0.0
990:WA:SNTL,2013-01-11,50.8,31.4,21.92,253.0,0.0
990:WA:SNTL,2013-01-12,50.8,31.4,17.24,202.0,0.0
990:WA:SNTL,2013-01-13,50.9,31.5,26.96,173.0,0.0
990:WA:SNTL,2013-01-14,51.0,31.6,26.24,168.0,0.0
990:WA:SNTL,2013-01-15,51.0,31.6,25.34,161.0,0.0
990:WA:SNTL,2013-01-16,51.0,31.6,29.84,152.0,0.0
990:WA:SNTL,2013-01-17,51.1,31.6,34.34,146.0,0.0
990:WA:SNTL,2013-01-18,51.2,31.7,35.24,142.0,1.0
990:WA:SNTL,2013-01-19,51.3,31.8,33.62,137.0,0.0
990:WA:SNTL,2013-01-20,51.3,31.8,33.98,135.0,1.0
990:WA:SNTL,2013-01-21,51.3,31.9,33.44,133.0,1.0
990:WA:SNTL,2013-01-22,51.3,31.9,35.06,131.0,1.0
990:WA:SNTL,2013-01-23,51.4,32.2,34.34,129.0,0.0
990:WA:SNTL,2013-01-24,51.7,32.4,33.8,131.0,1.0
990:WA:SNTL,2013-01-25,52.0,32.6,34.34,129.0,0.0
990:WA:SNTL,2013-01-26,52.1,32.8,32.36,129.0,0.0
990:WA:SNTL,2013-01-27,52.3,33.1,33.62,129.0,0.0
990:WA:SNTL,2013-01-28,52.6,33.3,31.28,127.0,0.0
990:WA:SNTL,2013-01-29,52.7,33.5,34.88,125.0,1.0
990:WA:SNTL,2013-01-30,52.8,33.7,35.42,127.0,1.0
990:WA:SNTL,2013-01-31,53.0,33.8,36.5,125.0,0.0
990:WA:SNTL,2013-02-01,53.0,33.9,37.22,127.0,1.0
990:WA:SNTL,2013-02-02,53.0,33.8,35.96,127.0,1.0
990:WA:SNTL,2013-02-03,53.0,33.8,36.5,127.0,1.0
990:WA:SNTL,2013-02-04,52.9,33.9,37.22,125.0,0.0
990:WA:SNTL,2013-02-05,53.2,34.2,35.78,127.0,1.0
990:WA:SNTL,2013-02-06,53.7,34.8,35.42,127.0,1.0
990:WA:SNTL,2013-02-07,54.1,35.2,35.24,129.0,1.0
990:WA:SNTL,2013-02-08,54.2,35.2,32.18,129.0,0.0
990:WA:SNTL,2013-02-09,54.2,35.2,31.64,127.0,0.0
990:WA:SNTL,2013-02-10,54.2,35.2,34.52,123.0,0.0
990:WA:SNTL,2013-02-11,54.2,35.3,33.62,121.0,0.0
990:WA:SNTL,2013-02-12,54.2,35.4,35.24,119.0,1.0
990:WA:SNTL,2013-02-13,54.2,35.6,36.32,118.0,1.0
990:WA:SNTL,2013-02-14,54.3,35.6,36.86,116.0,1.0
990:WA:SNTL,2013-02-15,54.3,35.7,37.22,114.0,1.0
990:WA:SNTL,2013-02-16,54.7,36.3,36.32,125.0,1.0
990:WA:SNTL,2013-02-17,54.9,36.5,36.14,125.0,1.0
990:WA:SNTL,2013-02-18,55.0,36.5,33.26,123.0,0.0
990:WA:SNTL,2013-02-19,55.0,36.6,31.28,123.0,0.0
990:WA:SNTL,2013-02-20,55.1,36.5,31.28,121.0,0.0
990:WA:SNTL,2013-02-21,55.1,36.7,32.9,119.0,0.0
990:WA:SNTL,2013-02-22,55.4,37.4,34.16,118.0,0.0
990:WA:SNTL,2013-02-23,55.8,37.7,33.8,123.0,1.0
990:WA:SNTL,2013-02-24,56.1,37.8,34.7,119.0,1.0
990:WA:SNTL,2013-02-25,56.9,38.8,33.26,121.0,1.0
990:WA:SNTL,2013-02-26,57.0,38.8,33.98,121.0,0.0
990:WA:SNTL,2013-02-27,57.1,39.0,36.14,119.0,0.0
990:WA:SNTL,2013-02-28,57.3,39.3,34.34,121.0,1.0
990:WA:SNTL,2013-03-01,58.4,40.5,37.04,207.0,0.0
990:WA:SNTL,2013-03-02,58.7,40.6,39.2,256.0,1.0
990:WA:SNTL,2013-03-03,59.0,40.0,36.32,265.0,1.0
990:WA:SNTL,2013-03-04,59.2,39.7,36.86,245.0,1.0
990:WA:SNTL,2013-03-05,59.3,39.7,37.94,223.0,1.0
990:WA:SNTL,2013-03-06,59.3,39.7,37.76,207.0,1.0
990:WA:SNTL,2013-03-07,59.4,39.9,39.2,194.0,1.0
990:WA:SNTL,2013-03-08,59.5,40.0,36.5,180.0,1.0
990:WA:SNTL,2013-03-09,59.6,40.1,41.36,168.0,1.0
990:WA:SNTL,2013-03-10,59.6,40.0,38.66,159.0,1.0
990:WA:SNTL,2013-03-11,59.6,40.0,40.82,152.0,1.0
990:WA:SNTL,2013-03-12,60.3,40.7,38.84,180.0,1.0
990:WA:SNTL,2013-03-13,60.9,42.1,42.8,304.0,1.0
990:WA:SNTL,2013-03-14,61.0,41.5,42.62,522.0,1.0
990:WA:SNTL,2013-03-15,61.2,41.2,39.38,565.0,1.0
990:WA:SNTL,2013-03-16,61.8,41.2,37.76,505.0,1.0
990:WA:SNTL,2013-03-17,62.5,41.5,34.16,493.0,1.0
990:WA:SNTL,2013-03-18,63.1,42.1,32.54,407.0,1.0
990:WA:SNTL,2013-03-19,63.4,42.2,38.48,354.0,1.0
990:WA:SNTL,2013-03-20,65.4,44.2,36.5,324.0,1.0
990:WA:SNTL,2013-03-21,65.5,44.4,34.16,324.0,1.0
990:WA:SNTL,2013-03-22,65.6,44.5,33.08,286.0,0.0
990:WA:SNTL,2013-03-23,65.8,44.6,35.06,262.0,1.0
990:WA:SNTL,2013-03-24,65.8,44.6,37.76,245.0,1.0
990:WA:SNTL,2013-03-25,65.8,44.7,39.74,225.0,1.0
990:WA:SNTL,2013-03-26,65.8,44.7,39.92,210.0,1.0
990:WA:SNTL,2013-03-27,65.8,44.7,44.42,202.0,1.0
990:WA:SNTL,2013-03-28,65.8,44.7,48.56,199.0,1.0
990:WA:SNTL,2013-03-29,65.8,44.7,50.0,207.0,1.0
990:WA:SNTL,2013-03-30,65.8,44.7,48.2,220.0,1.0
990:WA:SNTL,2013-03-31,65.7,44.7,49.64,245.0,1.0
990:WA:SNTL,2014-01-01,13.7,6.0,35.24,135.0,0.0
990:WA:SNTL,2014-01-02,14.1,6.0,36.14,163.0,0.0
990:WA:SNTL,2014-01-03,14.7,6.6,35.42,289.0,0.0
990:WA:SNTL,2014-01-04,14.9,6.6,30.02,204.0,0.0
990:WA:SNTL,2014-01-05,15.0,6.6,28.76,175.0,0.0
990:WA:SNTL,2014-01-06,15.0,6.6,33.62,159.0,0.0
990:WA:SNTL,2014-01-07,14.9,6.7,34.34,157.0,0.0
990:WA:SNTL,2014-01-08,15.1,7.0,34.7,161.0,0.0
990:WA:SNTL,2014-01-09,15.7,7.5,33.98,168.0,0.0
990:WA:SNTL,2014-01-10,16.3,8.3,34.88,189.0,0.0
990:WA:SNTL,2014-01-11,18.4,10.3,34.7,615.0,0.0
990:WA:SNTL,2014-01-12,19.0,11.2,33.8,565.0,0.0
990:WA:SNTL,2014-01-13,20.5,11.4,36.5,522.0,0.0
990:WA:SNTL,2014-01-14,20.6,11.5,37.94,539.0,0.0
990:WA:SNTL,2014-01-15,20.6,11.4,35.78,453.0,0.0
990:WA:SNTL,2014-01-16,20.7,11.4,35.42,371.0,0.0
990:WA:SNTL,2014-01-17,20.7,11.5,36.86,320.0,0.0
990:WA:SNTL,2014-01-18,20.7,11.6,38.12,289.0,0.0
990:WA:SNTL,2014-01-19,20.7,11.6,36.86,268.0,0.0
990:WA:SNTL,2014-01-20,20.7,11.6,36.32,253.0,0.0
990:WA:SNTL,2014-01-21,20.7,11.6,38.66,236.0,0.0
990:WA:SNTL,2014-01-22,20.7,11.6,37.76,225.0,0.0
990:WA:SNTL,2014-01-23,20.7,11.5,39.92,217.0,0.0
990:WA:SNTL,2014-01-24,20.7,11.4,39.92,207.0,0.0
990:WA:SNTL,2014-01-25,20.7,11.4,39.92,202.0,0.0
990:WA:SNTL,2014-01-26,20.7,11.5,38.84,204.0,0.0
990:WA:SNTL,2014-01-27,20.8,11.5,38.48,204.0,0.0
990:WA:SNTL,2014-01-28,20.7,11.5,37.58,204.0,0.0
990:WA:SNTL,2014-01-29,20.8,11.9,37.04,220.0,0.0
990:WA:SNTL,2014-01-30,21.0,12.1,34.52,225.0,0.0
990:WA:SNTL,2014-01-31,21.2,12.4,30.2,210.0,0.0
990:WA:SNTL,2014-02-01,21.3,12.6,30.02,197.0,0.0
990:WA:SNTL,2014-02-02,21.3,12.6,28.76,189.0,0.0
990:WA:SNTL,2014-02-03,21.4,12.6,24.26,182.0,0.0
990:WA:SNTL,2014-02-04,21.4,12.5,19.58,170.0,0.0
990:WA:SNTL,2014-02-05,21.3,12.4,15.98,157.0,0.0
990:WA:SNTL,2014-02-06,21.3,12.3,15.98,159.0,0.0
990:WA:SNTL,2014-02-07,21.3,12.3,19.76,152.0,0.0
990:WA:SNTL,2014-02-08,21.3,12.2,21.92,144.0,0.0
990:WA:SNTL,2014-02-09,21.4,12.3,26.24,137.0,0.0
990:WA:SNTL,2014-02-10,21.6,12.7,33.44,139.0,0.0
990:WA:SNTL,2014-02-11,22.4,13.5,34.7,152.0,1.0
990:WA:SNTL,2014-02-12,24.1,15.2,35.42,182.0,1.0
990:WA:SNTL,2014-02-13,25.2,16.2,33.44,182.0,1.0
990:WA:SNTL,2014-02-14,25.9,17.0,35.24,177.0,1.0
990:WA:SNTL,2014-02-15,26.2,17.5,35.06,180.0,1.0
990:WA:SNTL,2014-02-16,27.7,18.6,33.8,182.0,1.0
990:WA:SNTL,2014-02-18,30.2,23.0,31.82,180.0,0.0
990:WA:SNTL,2014-02-19,32.4,23.7,33.44,199.0,0.0
990:WA:SNTL,2014-02-20,32.9,24.4,34.34,220.0,1.0
990:WA:SNTL,2014-02-21,33.7,24.8,30.38,187.0,0.0
990:WA:SNTL,2014-02-22,33.9,25.0,27.86,168.0,0.0
990:WA:SNTL,2014-02-23,34.4,26.1,26.24,152.0,0.0
990:WA:SNTL,2014-02-24,34.4,26.8,25.52,146.0,0.0
990:WA:SNTL,2014-02-25,35.1,27.0,34.34,135.0,1.0
990:WA:SNTL,2014-02-26,35.1,27.1,37.76,133.0,1.0
990:WA:SNTL,2014-02-27,35.2,27.2,39.74,127.0,1.0
990:WA:SNTL,2014-02-28,35.3,27.3,36.14,129.0,1.0
990:WA:SNTL,2014-03-01,35.3,27.4,34.16,129.0,0.0
990:WA:SNTL,2014-03-02,35.8,28.5,26.24,121.0,0.0
990:WA:SNTL,2014-03-03,37.1,29.7,35.96,119.0,1.0
990:WA:SNTL,2014-03-04,38.6,30.5,36.32,173.0,1.0
990:WA:SNTL,2014-03-05,39.9,31.7,37.22,277.0,1.0
990:WA:SNTL,2014-03-06,41.1,32.6,38.66,489.0,1.0
990:WA:SNTL,2014-03-07,41.2,32.0,40.1,543.0,1.0
990:WA:SNTL,2014-03-08,41.4,32.6,38.12,473.0,1.0
990:WA:SNTL,2014-03-09,43.1,33.4,41.54,1300.0,1.0
990:WA:SNTL,2014-03-10,43.2,32.5,38.66,1240.0,1.0
990:WA:SNTL,2014-03-11,43.2,32.3,40.64,841.0,1.0
990:WA:SNTL,2014-03-12,43.2,32.5,43.52,629.0,1.0
990:WA:SNTL,2014-03-13,43.2,32.6,43.16,518.0,1.0
990:WA:SNTL,2014-03-14,43.8,33.4,42.62,489.0,1.0
990:WA:SNTL,2014-03-15,43.9,33.5,40.46,493.0,1.0
990:WA:SNTL,2014-03-16,46.1,34.8,37.4,868.0,1.0
990:WA:SNTL,2014-03-17,46.2,34.7,34.88,841.0,1.0
990:WA:SNTL,2014-03-18,46.2,34.6,37.4,676.0,1.0
990:WA:SNTL,2014-03-19,46.6,35.2,36.68,565.0,1.0
990:WA:SNTL,2014-03-20,46.9,35.5,36.5,505.0,1.0
990:WA:SNTL,2014-03-21,47.0,35.5,35.24,441.0,1.0
990:WA:SNTL,2014-03-22,47.0,35.6,33.98,404.0,1.0
990:WA:SNTL,2014-03-23,47.1,35.8,37.4,371.0,1.0
990:WA:SNTL,2014-03-24,47.1,35.9,40.1,350.0,1.0
990:WA:SNTL,2014-03-25,47.2,36.2,39.56,330.0,1.0
990:WA:SNTL,2014-03-26,47.9,36.9,42.44,330.0,1.0
990:WA:SNTL,2014-03-27,48.0,36.8,39.74,334.0,1.0
990:WA:SNTL,2014-03-28,48.5,37.4,37.22,330.0,1.0
990:WA:SNTL,2014-03-29,49.5,38.5,35.78,357.0,1.0
990:WA:SNTL,2014-03-30,50.6,39.5,39.56,371.0,1.0
990:WA:SNTL,2014-03-31,50.6,39.5,39.02,368.0,1.0
990:WA:SNTL,2015-01-01,39.9,8.5,33.98,265.0,0.0
990:WA:SNTL,2015-01-02,40.0,8.6,34.16,259.0,0.0
990:WA:SNTL,2015-01-03,40.1,8.6,32.36,250.0,0.0
990:WA:SNTL,2015-01-04,40.4,9.2,29.48,236.0,0.0
990:WA:SNTL,2015-01-05,42.8,10.2,34.7,1280.0,0.0
990:WA:SNTL,2015-01-06,42.8,9.9,37.58,1370.0,0.0
990:WA:SNTL,2015-01-07,42.9,9.5,36.86,880.0,0.0
990:WA:SNTL,2015-01-08,42.8,9.4,35.78,643.0,0.0
990:WA:SNTL,2015-01-09,42.8,9.5,36.32,543.0,0.0
990:WA:SNTL,2015-01-10,42.9,9.6,36.32,473.0,0.0
990:WA:SNTL,2015-01-11,42.9,9.6,38.84,430.0,0.0
990:WA:SNTL,2015-01-12,42.8,9.6,35.96,389.0,0.0
990:WA:SNTL,2015-01-13,42.9,9.5,33.98,361.0,0.0
990:WA:SNTL,2015-01-14,42.9,9.4,34.88,334.0,0.0
990:WA:SNTL,2015-01-15,42.9,9.6,35.78,314.0,0.0
990:WA:SNTL,2015-01-16,43.9,10.6,35.6,298.0,0.0
990:WA:SNTL,2015-01-17,43.9,10.7,33.98,289.0,0.0
990:WA:SNTL,2015-01-18,45.7,12.4,34.52,422.0,1.0
990:WA:SNTL,2015-01-19,46.2,12.4,35.24,430.0,1.0
990:WA:SNTL,2015-01-20,46.3,12.3,33.8,407.0,1.0
990:WA:SNTL,2015-01-21,46.3,12.3,32.9,361.0,1.0
990:WA:SNTL,2015-01-22,46.3,12.3,35.96,330.0,1.0
990:WA:SNTL,2015-01-23,46.6,12.3,37.22,378.0,0.0
990:WA:SNTL,2015-01-24,47.5,12.8,41.54,2180.0,1.0
990:WA:SNTL,2015-01-25,47.5,12.8,39.74,2050.0,1.0
990:WA:SNTL,2015-01-26,47.4,12.8,41.54,1290.0,0.0
990:WA:SNTL,2015-01-27,47.7,12.8,40.64,954.0,1.0
990:WA:SNTL,2015-01-28,47.7,12.8,38.66,777.0,0.0
990:WA:SNTL,2015-01-29,47.7,12.8,37.04,638.0,0.0
990:WA:SNTL,2015-01-30,47.7,12.8,39.92,539.0,0.0
990:WA:SNTL,2015-01-31,47.7,12.8,39.92,485.0,0.0
990:WA:SNTL,2015-02-01,48.0,12.8,37.04,430.0,1.0
990:WA:SNTL,2015-02-02,48.1,13.2,34.34,411.0,1.0
990:WA:SNTL,2015-02-03,48.3,13.4,37.94,396.0,1.0
990:WA:SNTL,2015-02-04,48.3,13.5,36.32,364.0,1.0
990:WA:SNTL,2015-02-05,49.7,13.6,35.24,526.0,1.0
990:WA:SNTL,2015-02-06,52.8,14.3,37.58,2200.0,1.0
990:WA:SNTL,2015-02-07,54.2,14.0,37.22,2240.0,1.0
990:WA:SNTL,2015-02-08,54.5,13.8,40.28,1660.0,1.0
990:WA:SNTL,2015-02-09,54.8,13.9,41.9,1180.0,1.0
990:WA:SNTL,2015-02-10,54.9,13.8,42.44,936.0,1.0
990:WA:SNTL,2015-02-11,54.8,13.6,40.82,814.0,1.0
990:WA:SNTL,2015-02-12,54.8,13.5,41.9,696.0,1.0
990:WA:SNTL,2015-02-13,54.8,13.5,44.78,652.0,1.0
990:WA:SNTL,2015-02-14,54.9,13.5,44.24,686.0,1.0
990:WA:SNTL,2015-02-15,54.9,13.5,40.46,667.0,0.0
990:WA:SNTL,2015-02-16,55.0,13.5,40.82,561.0,0.0
990:WA:SNTL,2015-02-17,54.9,13.5,40.46,489.0,0.0
990:WA:SNTL,2015-02-18,55.0,13.5,46.4,437.0,1.0
990:WA:SNTL,2015-02-19,54.9,13.5,40.46,400.0,0.0
990:WA:SNTL,2015-02-20,54.9,13.5,41.9,375.0,0.0
990:WA:SNTL,2015-02-21,54.9,13.5,39.92,350.0,0.0
990:WA:SNTL,2015-02-22,54.9,13.5,39.2,327.0,0.0
990:WA:SNTL,2015-02-23,55.0,13.5,43.16,308.0,0.0
990:WA:SNTL,2015-02-24,55.0,13.5,44.24,292.0,0.0
990:WA:SNTL,2015-02-25,54.9,13.5,39.56,280.0,0.0
990:WA:SNTL,2015-02-26,54.9,13.5,41.54,268.0,1.0
990:WA:SNTL,2015-02-27,54.9,13.5,39.56,256.0,0.0
990:WA:SNTL,2015-02-28,54.9,13.5,38.48,248.0,0.0
990:WA:SNTL,2015-03-01,55.0,13.5,41.36,239.0,0.0
990:WA:SNTL,2015-03-02,54.9,13.5,39.02,234.0,0.0
990:WA:SNTL,2015-03-03,55.0,13.5,35.6,220.0,0.0
990:WA:SNTL,2015-03-04,55.0,13.5,40.82,215.0,1.0
990:WA:SNTL,2015-03-05,54.9,13.5,44.42,210.0,1.0
990:WA:SNTL,2015-03-06,54.9,13.5,47.12,202.0,1.0
990:WA:SNTL,2015-03-07,54.9,13.5,47.12,197.0,1.0
990:WA:SNTL,2015-03-08,54.9,13.5,50.72,194.0,1.0
990:WA:SNTL,2015-03-09,54.9,13.5,50.72,194.0,1.0
990:WA:SNTL,2015-03-10,54.9,13.5,51.62,194.0,1.0
990:WA:SNTL,2015-03-11,54.9,13.5,50.54,210.0,1.0
990:WA:SNTL,2015-03-12,55.4,13.4,43.88,283.0,1.0
990:WA:SNTL,2015-03-13,55.4,13.2,47.12,283.0,1.0
990:WA:SNTL,2015-03-14,56.5,13.0,45.68,1160.0,1.0
990:WA:SNTL,2015-03-15,57.8,12.8,39.74,1340.0,1.0
990:WA:SNTL,2015-03-16,58.5,14.0,37.94,648.0,1.0
990:WA:SNTL,2015-03-17,58.6,14.0,39.74,505.0,1.0
990:WA:SNTL,2015-03-18,58.6,14.0,41.9,430.0,1.0
990:WA:SNTL,2015-03-19,58.6,14.1,39.38,404.0,1.0
990:WA:SNTL,2015-03-20,58.9,14.1,42.44,469.0,1.0
990:WA:SNTL,2015-03-21,59.6,14.1,38.12,657.0,1.0
990:WA:SNTL,2015-03-22,59.7,14.1,38.66,671.0,1.0
990:WA:SNTL,2015-03-23,59.9,14.0,41.0,535.0,1.0
990:WA:SNTL,2015-03-24,60.0,14.0,42.44,473.0,1.0
990:WA:SNTL,2015-03-25,59.9,13.9,42.08,422.0,1.0
990:WA:SNTL,2015-03-26,60.1,14.0,49.64,497.0,1.0
990:WA:SNTL,2015-03-27,60.0,14.0,54.14,548.0,1.0
990:WA:SNTL,2015-03-28,60.9,14.1,50.54,925.0,1.0
990:WA:SNTL,2015-03-29,61.0,14.1,43.52,782.0,1.0
990:WA:SNTL,2015-03-30,61.2,14.0,49.64,657.0,1.0
990:WA:SNTL,2015-03-31,61.6,18.1,43.52,726.0,1.0
990:WA:SNTL,2016-01-01,43.6,22.5,26.06,129.0,0.0
990:WA:SNTL,2016-01-02,43.7,22.5,26.24,129.0,0.0
990:WA:SNTL,2016-01-03,43.7,22.7,27.14,129.0,0.0
990:WA:SNTL,2016-01-04,43.9,22.9,30.2,123.0,0.0
990:WA:SNTL,2016-01-05,44.1,23.2,34.88,121.0,1.0
990:WA:SNTL,2016-01-06,44.4,23.3,34.16,118.0,1.0
990:WA:SNTL,2016-01-07,44.4,23.3,33.62,110.0,0.0
990:WA:SNTL,2016-01-08,44.4,23.4,36.68,106.0,1.0
990:WA:SNTL,2016-01-09,44.4,23.4,33.98,103.0,0.0
990:WA:SNTL,2016-01-10,44.4,23.4,27.68,97.5999984741211,0.0
990:WA:SNTL,2016-01-11,44.4,23.5,29.66,94.19999694824219,0.0
990:WA:SNTL,2016-01-12,44.6,23.9,34.7,97.5999984741211,1.0
990:WA:SNTL,2016-01-13,46.1,25.4,35.78,105.0,1.0
990:WA:SNTL,2016-01-14,46.4,25.5,34.88,105.0,1.0
990:WA:SNTL,2016-01-15,46.5,25.5,30.74,97.5999984741211,0.0
990:WA:SNTL,2016-01-16,47.1,26.5,35.6,94.19999694824219,1.0
990:WA:SNTL,2016-01-17,47.6,27.2,34.7,97.5999984741211,1.0
990:WA:SNTL,2016-01-18,48.3,27.5,37.58,101.0,1.0
990:WA:SNTL,2016-01-19,48.3,27.5,35.24,99.4000015258789,1.0
990:WA:SNTL,2016-01-20,48.5,27.6,35.24,97.5999984741211,1.0
990:WA:SNTL,2016-01-21,50.2,30.0,34.16,182.0,0.0
990:WA:SNTL,2016-01-22,51.9,31.3,34.88,465.0,1.0
990:WA:SNTL,2016-01-23,52.3,31.3,35.24,485.0,1.0
990:WA:SNTL,2016-01-24,52.4,30.8,34.16,361.0,1.0
990:WA:SNTL,2016-01-25,52.5,30.7,30.92,271.0,0.0
990:WA:SNTL,2016-01-26,53.2,31.8,35.06,271.0,1.0
990:WA:SNTL,2016-01-27,53.5,31.8,36.32,681.0,0.0
990:WA:SNTL,2016-01-28,56.0,32.6,38.12,3510.0,1.0
990:WA:SNTL,2016-01-29,56.7,32.4,33.98,2900.0,0.0
990:WA:SNTL,2016-01-30,57.5,33.2,34.7,1150.0,0.0
990:WA:SNTL,2016-01-31,57.7,33.3,34.52,746.0,1.0
990:WA:SNTL,2016-02-01,58.0,33.3,32.18,583.0,0.0
990:WA:SNTL,2016-02-02,58.6,33.3,31.82,477.0,0.0
990:WA:SNTL,2016-02-03,58.7,33.3,32.36,411.0,0.0
990:WA:SNTL,2016-02-04,59.3,34.0,37.4,368.0,1.0
990:WA:SNTL,2016-02-05,59.4,34.1,35.42,334.0,1.0
990:WA:SNTL,2016-02-06,60.2,34.9,35.24,340.0,1.0
990:WA:SNTL,2016-02-07,60.2,34.9,36.14,317.0,1.0
990:WA:SNTL,2016-02-08,60.3,34.7,39.74,289.0,1.0
990:WA:SNTL,2016-02-09,60.3,34.7,39.38,311.0,1.0
990:WA:SNTL,2016-02-10,60.3,34.7,39.2,382.0,1.0
990:WA:SNTL,2016-02-11,60.7,35.2,38.84,445.0,1.0
990:WA:SNTL,2016-02-12,62.1,35.9,38.3,1070.0,1.0
990:WA:SNTL,2016-02-13,63.2,36.1,35.96,1140.0,1.0
990:WA:SNTL,2016-02-14,63.5,36.1,36.14,819.0,1.0
990:WA:SNTL,2016-02-15,65.2,37.3,36.86,1420.0,1.0
990:WA:SNTL,2016-02-16,66.0,37.3,39.38,1590.0,1.0
990:WA:SNTL,2016-02-17,66.1,36.8,40.1,1280.0,1.0
990:WA:SNTL,2016-02-18,66.6,37.0,37.94,936.0,1.0
990:WA:SNTL,2016-02-19,67.3,37.2,36.32,814.0,1.0
990:WA:SNTL,2016-02-20,67.7,37.5,35.6,686.0,1.0
990:WA:SNTL,2016-02-21,67.7,37.6,36.32,583.0,1.0
990:WA:SNTL,2016-02-22,68.1,37.9,35.78,497.0,1.0
990:WA:SNTL,2016-02-23,68.3,37.9,33.26,445.0,1.0
990:WA:SNTL,2016-02-24,68.2,37.9,36.68,393.0,1.0
990:WA:SNTL,2016-02-25,68.2,37.9,37.94,357.0,1.0
990:WA:SNTL,2016-02-26,68.2,38.0,43.16,324.0,1.0
990:WA:SNTL,2016-02-27,68.3,38.1,39.56,311.0,1.0
990:WA:SNTL,2016-02-28,68.8,38.5,38.66,314.0,1.0
990:WA:SNTL,2016-02-29,69.3,38.9,36.32,344.0,1.0
990:WA:SNTL,2016-03-01,70.5,40.2,34.88,327.0,1.0
990:WA:SNTL,2016-03-02,71.1,40.5,37.22,361.0,1.0
990:WA:SNTL,2016-03-03,71.9,41.7,38.12,407.0,1.0
990:WA:SNTL,2016-03-04,71.9,41.8,39.38,396.0,1.0
990:WA:SNTL,2016-03-05,72.5,41.7,42.62,368.0,1.0
990:WA:SNTL,2016-03-06,72.9,41.4,38.48,430.0,1.0
990:WA:SNTL,2016-03-07,73.1,41.3,36.86,430.0,1.0
990:WA:SNTL,2016-03-08,73.1,40.9,37.94,404.0,1.0
990:WA:SNTL,2016-03-09,73.2,41.1,37.94,361.0,1.0
990:WA:SNTL,2016-03-10,75.4,43.1,35.6,389.0,1.0
990:WA:SNTL,2016-03-11,75.5,43.3,38.84,375.0,1.0
990:WA:SNTL,2016-03-12,76.1,44.0,37.58,340.0,1.0
990:WA:SNTL,2016-03-13,76.7,44.5,35.6,330.0,1.0
990:WA:SNTL,2016-03-14,77.5,45.0,35.42,314.0,1.0
990:WA:SNTL,2016-03-15,77.8,45.3,35.96,301.0,1.0
990:WA:SNTL,2016-03-16,77.8,45.3,38.12,286.0,1.0
990:WA:SNTL,2016-03-17,77.9,45.3,35.78,268.0,1.0
990:WA:SNTL,2016-03-18,78.0,45.3,38.66,253.0,1.0
990:WA:SNTL,2016-03-19,78.1,45.3,40.46,242.0,1.0
990:WA:SNTL,2016-03-20,78.0,45.4,42.08,231.0,1.0
990:WA:SNTL,2016-03-21,78.1,45.7,45.68,231.0,1.0
990:WA:SNTL,2016-03-22,78.2,45.8,43.52,245.0,1.0
990:WA:SNTL,2016-03-23,78.2,45.6,40.64,239.0,1.0
990:WA:SNTL,2016-03-24,78.6,45.6,37.04,259.0,1.0
990:WA:SNTL,2016-03-25,78.7,45.6,41.18,250.0,1.0
990:WA:SNTL,2016-03-26,78.7,45.5,42.62,242.0,1.0
990:WA:SNTL,2016-03-27,79.2,45.9,39.38,271.0,1.0
990:WA:SNTL,2016-03-28,79.3,45.9,42.62,274.0,1.0
990:WA:SNTL,2016-03-29,79.3,45.9,49.1,250.0,1.0
990:WA:SNTL,2016-03-30,79.3,45.9,52.16,242.0,1.0
990:WA:SNTL,2016-03-31,79.3,45.8,48.92,259.0,1.0
990:WA:SNTL,2017-01-01,38.6,16.7,24.44,139.0,0.0
990:WA:SNTL,2017-01-02,26.3,16.7,21.2,135.0,0.0
990:WA:SNTL,2017-01-03,26.2,16.6,9.86,129.0,0.0
990:WA:SNTL,2017-01-04,26.1,16.5,1.58,125.0,0.0
990:WA:SNTL,2017-01-05,26.1,16.6,5.36,124.0,0.0
990:WA:SNTL,2017-01-06,26.2,16.7,14.0,124.0,0.0
990:WA:SNTL,2017-01-07,26.2,16.6,13.46,124.0,0.0
990:WA:SNTL,2017-01-08,26.3,16.9,25.88,123.0,0.0
990:WA:SNTL,2017-01-09,26.3,17.9,31.28,129.0,0.0
990:WA:SNTL,2017-01-10,26.3,17.9,26.24,123.0,0.0
990:WA:SNTL,2017-01-11,26.2,17.9,12.38,118.0,0.0
990:WA:SNTL,2017-01-12,26.1,17.7,5.0,113.0,0.0
990:WA:SNTL,2017-01-13,26.2,17.8,12.02,113.0,0.0
990:WA:SNTL,2017-01-14,26.2,17.9,27.5,116.0,0.0
990:WA:SNTL,2017-01-15,26.3,18.0,32.72,116.0,1.0
990:WA:SNTL,2017-01-16,26.3,18.0,34.7,118.0,0.0
990:WA:SNTL,2017-01-17,26.3,19.4,35.6,121.0,1.0
990:WA:SNTL,2017-01-18,26.3,21.1,35.24,330.0,1.0
990:WA:SNTL,2017-01-19,26.4,21.8,35.6,308.0,1.0
990:WA:SNTL,2017-01-20,26.5,22.4,36.32,256.0,1.0
990:WA:SNTL,2017-01-21,26.5,22.3,38.3,220.0,1.0
990:WA:SNTL,2017-01-22,26.6,22.2,35.96,194.0,1.0
990:WA:SNTL,2017-01-23,26.6,22.2,33.98,182.0,1.0
990:WA:SNTL,2017-01-24,26.6,22.1,32.9,170.0,0.0
990:WA:SNTL,2017-01-25,26.7,22.1,33.08,161.0,1.0
990:WA:SNTL,2017-01-26,26.7,22.1,32.54,154.0,0.0
990:WA:SNTL,2017-01-27,26.7,22.0,33.08,150.0,0.0
990:WA:SNTL,2017-01-28,26.7,22.0,34.7,146.0,1.0
990:WA:SNTL,2017-01-29,26.8,22.0,35.42,142.0,1.0
990:WA:SNTL,2017-01-30,26.8,22.1,34.7,139.0,0.0
990:WA:SNTL,2017-01-31,26.8,22.1,32.0,137.0,0.0
990:WA:SNTL,2017-02-01,26.8,22.0,24.62,135.0,0.0
990:WA:SNTL,2017-02-02,26.7,22.0,22.64,133.0,0.0
990:WA:SNTL,2017-02-03,26.8,22.4,26.42,131.0,0.0
990:WA:SNTL,2017-02-04,26.8,23.6,26.06,133.0,0.0
990:WA:SNTL,2017-02-05,26.8,24.6,25.7,137.0,0.0
990:WA:SNTL,2017-02-06,26.7,25.3,21.74,148.0,0.0
990:WA:SNTL,2017-02-07,26.7,25.6,19.76,139.0,0.0
990:WA:SNTL,2017-02-08,26.6,25.8,20.48,129.0,0.0
990:WA:SNTL,2017-02-09,26.6,28.9,34.52,204.0,0.0
990:WA:SNTL,2017-02-10,26.6,29.5,34.88,533.0,1.0
990:WA:SNTL,2017-02-11,26.6,29.7,33.98,334.0,1.0
990:WA:SNTL,2017-02-12,26.6,29.8,33.62,256.0,1.0
990:WA:SNTL,2017-02-13,26.6,29.8,35.78,220.0,1.0
990:WA:SNTL,2017-02-14,26.6,29.9,37.58,202.0,1.0
990:WA:SNTL,2017-02-15,26.6,32.1,36.32,860.0,0.0
990:WA:SNTL,2017-02-16,26.6,31.6,38.84,1600.0,1.0
990:WA:SNTL,2017-02-17,26.6,31.2,36.32,1360.0,1.0
990:WA:SNTL,2017-02-18,26.6,31.0,37.4,805.0,0.0
990:WA:SNTL,2017-02-19,26.6,31.1,37.04,604.0,1.0
990:WA:SNTL,2017-02-20,26.6,31.7,36.14,486.0,1.0
990:WA:SNTL,2017-02-21,26.6,31.8,35.6,415.0,1.0
990:WA:SNTL,2017-02-22,26.6,31.9,31.64,361.0,0.0
990:WA:SNTL,2017-02-23,26.6,32.0,33.26,324.0,1.0
990:WA:SNTL,2017-02-24,26.6,32.1,33.62,295.0,1.0
990:WA:SNTL,2017-02-25,26.6,32.2,31.1,274.0,0.0
990:WA:SNTL,2017-02-26,26.6,32.5,30.38,259.0,0.0
990:WA:SNTL,2017-02-27,26.6,32.5,29.3,245.0,0.0
990:WA:SNTL,2017-02-28,26.6,32.5,29.48,236.0,0.0
990:WA:SNTL,2017-03-01,26.6,33.1,35.6,220.0,1.0
990:WA:SNTL,2017-03-02,26.6,33.3,36.5,217.0,1.0
990:WA:SNTL,2017-03-03,26.6,34.3,34.7,236.0,1.0
990:WA:SNTL,2017-03-04,26.6,35.2,33.98,292.0,1.0
990:WA:SNTL,2017-03-05,26.6,35.7,33.44,253.0,0.0
990:WA:SNTL,2017-03-06,26.6,36.4,30.74,234.0,0.0
990:WA:SNTL,2017-03-07,26.6,37.0,27.86,220.0,0.0
990:WA:SNTL,2017-03-08,26.6,37.5,33.98,204.0,0.0
990:WA:SNTL,2017-03-09,26.6,38.1,37.94,204.0,0.0
990:WA:SNTL,2017-03-10,26.6,39.6,38.12,231.0,1.0
990:WA:SNTL,2017-03-11,26.6,39.6,36.86,234.0,1.0
990:WA:SNTL,2017-03-12,26.6,40.4,39.92,234.0,1.0
990:WA:SNTL,2017-03-13,26.6,40.4,39.56,301.0,1.0
990:WA:SNTL,2017-03-14,26.6,41.0,39.02,490.0,1.0
990:WA:SNTL,2017-03-15,26.6,40.5,39.74,1140.0,1.0
990:WA:SNTL,2017-03-16,26.6,40.2,36.32,1120.0,1.0
990:WA:SNTL,2017-03-17,26.6,40.0,37.94,888.0,1.0
990:WA:SNTL,2017-03-18,26.6,42.8,35.78,1220.0,1.0
990:WA:SNTL,2017-03-19,26.6,41.7,38.12,1220.0,1.0
990:WA:SNTL,2017-03-20,26.6,41.3,39.2,832.0,1.0
990:WA:SNTL,2017-03-21,26.6,42.0,41.9,621.0,1.0
990:WA:SNTL,2017-03-22,26.6,42.5,40.28,504.0,1.0
990:WA:SNTL,2017-03-23,26.6,42.2,39.2,456.0,1.0
990:WA:SNTL,2017-03-24,26.6,43.2,38.48,424.0,1.0
990:WA:SNTL,2017-03-25,26.6,43.6,38.66,428.0,1.0
990:WA:SNTL,2017-03-26,26.6,43.8,37.04,405.0,1.0
990:WA:SNTL,2017-03-27,26.6,44.2,39.74,372.0,1.0
990:WA:SNTL,2017-03-28,26.6,44.6,37.76,351.0,1.0
990:WA:SNTL,2017-03-29,26.6,45.5,38.66,436.0,1.0
990:WA:SNTL,2017-03-30,26.6,46.5,41.0,537.0,1.0
990:WA:SNTL,2017-03-31,33.2,44.9,44.78,498.0,1.0
990:WA:SNTL,2018-01-01,39.9,17.6,27.5,212.0,0.0
990:WA:SNTL,2018-01-02,39.9,17.6,35.6,199.0,1.0
990:WA:SNTL,2018-01-03,39.9,17.6,33.62,192.0,1.0
990:WA:SNTL,2018-01-04,39.9,17.7,35.42,187.0,1.0
990:WA:SNTL,2018-01-05,40.2,18.1,36.14,212.0,1.0
990:WA:SNTL,2018-01-06,40.4,18.1,36.5,265.0,1.0
990:WA:SNTL,2018-01-07,40.4,17.9,34.88,271.0,1.0
990:WA:SNTL,2018-01-08,40.5,18.1,35.6,253.0,1.0
990:WA:SNTL,2018-01-09,40.9,18.5,35.78,262.0,1.0
990:WA:SNTL,2018-01-10,41.0,18.7,34.16,262.0,1.0
990:WA:SNTL,2018-01-11,41.7,19.4,31.28,265.0,0.0
990:WA:SNTL,2018-01-12,42.1,19.8,35.24,262.0,1.0
990:WA:SNTL,2018-01-13,42.2,20.0,36.68,253.0,1.0
990:WA:SNTL,2018-01-14,42.2,20.0,37.04,253.0,1.0
990:WA:SNTL,2018-01-15,42.3,20.0,37.94,277.0,1.0
990:WA:SNTL,2018-01-16,42.6,20.3,36.14,358.0,1.0
990:WA:SNTL,2018-01-17,43.0,20.6,34.7,362.0,1.0
990:WA:SNTL,2018-01-18,44.6,21.5,35.06,508.0,1.0
990:WA:SNTL,2018-01-19,45.0,21.9,35.6,495.0,1.0
990:WA:SNTL,2018-01-20,45.4,22.3,33.98,429.0,1.0
990:WA:SNTL,2018-01-21,46.4,23.3,33.26,384.0,1.0
990:WA:SNTL,2018-01-22,47.5,24.3,38.12,344.0,1.0
990:WA:SNTL,2018-01-23,48.3,25.1,32.18,317.0,0.0
990:WA:SNTL,2018-01-24,50.2,27.1,36.32,301.0,1.0
990:WA:SNTL,2018-01-25,50.7,27.8,34.16,295.0,1.0
990:WA:SNTL,2018-01-26,51.1,28.5,31.28,274.0,0.0
990:WA:SNTL,2018-01-27,51.8,29.7,33.26,256.0,1.0
990:WA:SNTL,2018-01-28,53.1,30.3,35.42,250.0,1.0
990:WA:SNTL,2018-01-29,53.5,31.5,35.96,330.0,1.0
990:WA:SNTL,2018-01-30,55.0,31.8,34.7,621.0,1.0
990:WA:SNTL,2018-01-31,55.4,32.1,35.96,516.0,1.0
990:WA:SNTL,2018-02-01,56.3,32.5,39.56,422.0,1.0
990:WA:SNTL,2018-02-02,56.9,33.2,35.42,433.0,1.0
990:WA:SNTL,2018-02-03,57.0,33.2,36.32,534.0,1.0
990:WA:SNTL,2018-02-04,58.6,34.2,37.76,1280.0,1.0
990:WA:SNTL,2018-02-05,58.7,34.1,38.48,1370.0,1.0
990:WA:SNTL,2018-02-06,58.7,33.5,36.68,1060.0,1.0
990:WA:SNTL,2018-02-07,58.9,33.3,37.76,768.0,1.0
990:WA:SNTL,2018-02-08,59.6,34.1,38.48,823.0,1.0
990:WA:SNTL,2018-02-09,59.8,33.8,35.78,851.0,1.0
990:WA:SNTL,2018-02-10,60.0,33.3,27.32,700.0,0.0
990:WA:SNTL,2018-02-11,60.2,33.1,27.86,584.0,0.0
990:WA:SNTL,2018-02-12,60.5,32.9,27.5,503.0,0.0
990:WA:SNTL,2018-02-13,60.7,32.7,33.98,445.0,1.0
990:WA:SNTL,2018-02-14,60.2,33.2,33.8,399.0,1.0
990:WA:SNTL,2018-02-15,60.5,33.2,32.18,365.0,0.0
990:WA:SNTL,2018-02-16,60.5,33.7,34.34,327.0,1.0
990:WA:SNTL,2018-02-17,61.3,34.7,33.26,314.0,1.0
990:WA:SNTL,2018-02-18,62.0,35.2,30.02,311.0,0.0
990:WA:SNTL,2018-02-19,62.0,35.3,16.88,292.0,0.0
990:WA:SNTL,2018-02-20,62.0,35.4,21.92,259.0,0.0
990:WA:SNTL,2018-02-21,62.2,35.5,22.64,250.0,0.0
990:WA:SNTL,2018-02-22,62.4,35.5,20.66,236.0,0.0
990:WA:SNTL,2018-02-23,62.5,35.6,22.1,225.0,0.0
990:WA:SNTL,2018-02-24,62.3,36.0,32.36,220.0,1.0
990:WA:SNTL,2018-02-25,62.5,37.1,31.46,220.0,0.0
990:WA:SNTL,2018-02-26,63.4,37.2,31.46,210.0,0.0
990:WA:SNTL,2018-02-27,63.6,37.5,36.32,202.0,1.0
990:WA:SNTL,2018-02-28,63.5,37.7,34.7,197.0,1.0
990:WA:SNTL,2018-03-01,64.4,38.5,35.42,192.0,1.0
990:WA:SNTL,2018-03-02,64.6,38.6,33.62,187.0,0.0
990:WA:SNTL,2018-03-03,64.6,38.8,32.72,182.0,1.0
990:WA:SNTL,2018-03-04,64.6,38.9,33.98,175.0,1.0
990:WA:SNTL,2018-03-05,64.7,39.0,34.52,173.0,1.0
990:WA:SNTL,2018-03-06,64.7,39.1,34.34,166.0,1.0
990:WA:SNTL,2018-03-07,64.8,39.1,39.74,166.0,1.0
990:WA:SNTL,2018-03-08,65.2,39.8,36.32,163.0,1.0
990:WA:SNTL,2018-03-09,66.4,40.9,34.88,187.0,1.0
990:WA:SNTL,2018-03-10,66.5,40.9,37.04,173.0,1.0
990:WA:SNTL,2018-03-11,66.4,40.9,39.38,170.0,1.0
990:WA:SNTL,2018-03-12,66.4,41.0,42.98,170.0,1.0
990:WA:SNTL,2018-03-13,66.5,41.1,42.98,180.0,1.0
990:WA:SNTL,2018-03-14,66.7,41.5,38.84,220.0,1.0
990:WA:SNTL,2018-03-15,66.8,41.6,40.28,228.0,1.0
990:WA:SNTL,2018-03-16,66.8,41.6,43.16,225.0,1.0
990:WA:SNTL,2018-03-17,66.8,41.6,43.52,215.0,1.0
990:WA:SNTL,2018-03-18,66.8,41.6,41.9,210.0,1.0
990:WA:SNTL,2018-03-19,66.8,41.5,39.74,210.0,1.0
990:WA:SNTL,2018-03-20,66.8,41.6,40.1,204.0,1.0
990:WA:SNTL,2018-03-21,66.8,41.6,43.88,204.0,1.0
990:WA:SNTL,2018-03-22,67.0,41.9,39.38,215.0,1.0
990:WA:SNTL,2018-03-23,67.3,42.2,33.98,217.0,1.0
990:WA:SNTL,2018-03-24,67.4,42.3,35.6,210.0,1.0
990:WA:SNTL,2018-03-25,67.4,42.3,37.22,204.0,1.0
990:WA:SNTL,2018-03-26,67.6,42.4,35.6,197.0,1.0
990:WA:SNTL,2018-03-27,67.9,42.6,39.74,194.0,1.0
990:WA:SNTL,2018-03-28,68.0,42.8,40.28,197.0,1.0
990:WA:SNTL,2018-03-29,67.9,42.8,40.46,199.0,1.0
990:WA:SNTL,2018-03-30,68.0,42.8,43.34,199.0,1.0
990:WA:SNTL,2018-03-31,68.0,42.8,44.78,202.0,1.0
990:WA:SNTL,2019-01-01,35.6,16.2,30.02,240.0,0.0
990:WA:SNTL,2019-01-02,35.7,16.3,35.78,220.0,1.0
990:WA:SNTL,2019-01-03,37.0,16.9,34.52,481.0,1.0
990:WA:SNTL,2019-01-04,38.3,17.1,35.06,865.0,1.0
990:WA:SNTL,2019-01-05,38.4,17.0,35.42,667.0,1.0
990:WA:SNTL,2019-01-06,38.9,17.4,33.98,481.0,1.0
990:WA:SNTL,2019-01-07,39.4,17.8,31.28,398.0,0.0
990:WA:SNTL,2019-01-08,39.5,18.0,27.86,331.0,0.0
990:WA:SNTL,2019-01-09,40.8,19.2,35.24,289.0,1.0
990:WA:SNTL,2019-01-10,41.3,19.8,35.6,285.0,1.0
990:WA:SNTL,2019-01-11,41.4,19.9,35.42,282.0,1.0
990:WA:SNTL,2019-01-12,41.4,19.9,34.16,260.0,1.0
990:WA:SNTL,2019-01-13,41.4,19.9,33.98,243.0,1.0
990:WA:SNTL,2019-01-14,41.3,20.0,33.08,226.0,1.0
990:WA:SNTL,2019-01-15,41.3,20.0,33.98,217.0,1.0
990:WA:SNTL,2019-01-16,41.4,20.0,33.44,204.0,1.0
990:WA:SNTL,2019-01-17,41.6,20.2,35.96,195.0,1.0
990:WA:SNTL,2019-01-18,41.9,20.5,36.14,189.0,1.0
990:WA:SNTL,2019-01-19,42.7,21.4,34.88,201.0,1.0
990:WA:SNTL,2019-01-20,42.9,21.6,34.16,211.0,1.0
990:WA:SNTL,2019-01-21,42.8,21.6,31.1,192.0,0.0
990:WA:SNTL,2019-01-22,42.9,21.6,34.16,184.0,1.0
990:WA:SNTL,2019-01-23,43.9,22.5,35.42,192.0,1.0
990:WA:SNTL,2019-01-24,43.9,22.5,33.98,189.0,1.0
990:WA:SNTL,2019-01-25,43.9,22.5,35.06,181.0,1.0
990:WA:SNTL,2019-01-26,44.0,22.4,34.52,173.0,1.0
990:WA:SNTL,2019-01-27,44.0,22.4,34.52,168.0,1.0
990:WA:SNTL,2019-01-28,44.0,22.4,33.8,166.0,1.0
990:WA:SNTL,2019-01-29,43.9,22.3,29.48,163.0,0.0
990:WA:SNTL,2019-01-30,43.9,22.3,35.24,159.0,1.0
990:WA:SNTL,2019-01-31,44.0,22.4,38.48,161.0,1.0
990:WA:SNTL,2019-02-01,44.6,22.8,35.96,170.0,1.0
990:WA:SNTL,2019-02-02,45.0,23.1,35.96,234.0,1.0
990:WA:SNTL,2019-02-03,45.2,22.6,34.52,223.0,1.0
990:WA:SNTL,2019-02-04,45.2,22.7,16.34,205.0,0.0
990:WA:SNTL,2019-02-05,45.2,22.7,14.54,178.0,0.0
990:WA:SNTL,2019-02-06,45.2,22.7,17.42,170.0,0.0
990:WA:SNTL,2019-02-07,45.3,22.7,28.04,166.0,0.0
990:WA:SNTL,2019-02-08,45.5,22.9,25.34,161.0,0.0
990:WA:SNTL,2019-02-09,45.5,23.0,17.96,159.0,0.0
990:WA:SNTL,2019-02-10,45.5,23.0,17.6,154.0,0.0
990:WA:SNTL,2019-02-11,45.9,23.2,17.78,152.0,0.0
990:WA:SNTL,2019-02-12,47.1,24.5,18.32,150.0,0.0
990:WA:SNTL,2019-02-13,47.5,24.8,22.82,150.0,0.0
990:WA:SNTL,2019-02-14,47.6,25.0,30.74,150.0,0.0
990:WA:SNTL,2019-02-15,48.0,25.1,36.68,146.0,1.0
990:WA:SNTL,2019-02-16,48.1,25.1,33.44,139.0,1.0
990:WA:SNTL,2019-02-17,48.1,25.0,31.28,135.0,0.0
990:WA:SNTL,2019-02-18,48.1,24.9,27.32,133.0,0.0
990:WA:SNTL,2019-02-19,48.1,24.8,31.82,129.0,0.0
990:WA:SNTL,2019-02-20,48.3,24.9,32.9,129.0,0.0
990:WA:SNTL,2019-02-21,48.3,24.8,28.94,127.0,0.0
990:WA:SNTL,2019-02-22,48.5,24.8,30.02,125.0,0.0
990:WA:SNTL,2019-02-23,48.5,24.8,32.9,125.0,0.0
990:WA:SNTL,2019-02-24,48.5,25.0,29.66,121.0,0.0
990:WA:SNTL,2019-02-25,48.5,25.2,28.58,119.0,0.0
990:WA:SNTL,2019-02-26,48.5,25.2,22.1,119.0,0.0
990:WA:SNTL,2019-02-27,48.5,25.4,31.28,116.0,0.0
990:WA:SNTL,2019-02-28,48.6,25.6,30.2,116.0,0.0
990:WA:SNTL,2019-03-01,48.6,25.7,33.62,114.0,1.0
990:WA:SNTL,2019-03-02,48.6,25.8,32.0,114.0,0.0
990:WA:SNTL,2019-03-03,48.6,25.9,29.3,112.0,0.0
990:WA:SNTL,2019-03-04,48.6,26.0,27.5,110.0,0.0
990:WA:SNTL,2019-03-05,48.5,26.1,33.08,110.0,1.0
990:WA:SNTL,2019-03-06,48.6,26.2,36.32,108.0,0.0
990:WA:SNTL,2019-03-07,49.0,26.5,33.08,108.0,0.0
990:WA:SNTL,2019-03-08,49.0,26.7,32.9,106.0,0.0
990:WA:SNTL,2019-03-09,48.9,26.7,34.88,105.0,0.0
990:WA:SNTL,2019-03-10,48.9,26.8,35.24,105.0,0.0
990:WA:SNTL,2019-03-11,48.9,27.0,42.26,103.0,1.0
990:WA:SNTL,2019-03-12,49.1,27.3,36.86,103.0,1.0
990:WA:SNTL,2019-03-13,49.2,27.3,38.3,103.0,0.0
990:WA:SNTL,2019-03-14,49.1,27.4,41.0,101.0,1.0
990:WA:SNTL,2019-03-15,49.1,27.5,42.8,101.0,1.0
990:WA:SNTL,2019-03-16,49.0,27.5,43.88,101.0,1.0
990:WA:SNTL,2019-03-17,49.0,27.5,45.86,103.0,1.0
990:WA:SNTL,2019-03-18,49.0,27.6,46.58,106.0,1.0
990:WA:SNTL,2019-03-19,49.0,27.6,48.2,112.0,1.0
990:WA:SNTL,2019-03-20,49.0,27.6,49.64,123.0,1.0
990:WA:SNTL,2019-03-21,49.0,27.6,48.56,150.0,1.0
990:WA:SNTL,2019-03-22,49.0,27.3,44.96,175.0,1.0
990:WA:SNTL,2019-03-23,49.0,27.0,46.76,198.0,1.0
990:WA:SNTL,2019-03-24,49.0,26.7,44.24,212.0,1.0
990:WA:SNTL,2019-03-25,49.0,26.3,43.34,219.0,1.0
990:WA:SNTL,2019-03-26,49.5,26.2,41.18,230.0,1.0
990:WA:SNTL,2019-03-27,49.5,26.2,40.28,226.0,1.0
990:WA:SNTL,2019-03-28,49.4,25.9,47.66,209.0,1.0
990:WA:SNTL,2019-03-29,49.5,25.6,45.5,198.0,1.0
990:WA:SNTL,2019-03-30,49.4,25.4,51.26,191.0,1.0
990:WA:SNTL,2019-03-31,49.4,25.3,50.36,214.0,1.0
990:WA:SNTL,2020-01-01,20.4,10.0,35.78,856.0,0.0
990:WA:SNTL,2020-01-02,20.6,10.0,34.34,781.0,0.0
990:WA:SNTL,2020-01-03,20.9,10.3,35.96,584.0,0.0
990:WA:SNTL,2020-01-04,22.5,11.6,37.22,904.0,0.0
990:WA:SNTL,2020-01-05,22.8,12.1,32.36,753.0,0.0
990:WA:SNTL,2020-01-06,22.9,13.1,31.82,578.0,0.0
990:WA:SNTL,2020-01-07,24.2,14.7,34.52,1000.0,0.0
990:WA:SNTL,2020-01-08,24.5,14.9,33.98,1080.0,1.0
990:WA:SNTL,2020-01-09,24.6,14.9,27.86,868.0,0.0
990:WA:SNTL,2020-01-10,25.1,15.6,28.04,638.0,0.0
990:WA:SNTL,2020-01-11,25.6,16.0,33.44,518.0,1.0
990:WA:SNTL,2020-01-12,26.4,16.9,30.74,432.0,0.0
990:WA:SNTL,2020-01-13,26.5,17.1,29.66,377.0,0.0
990:WA:SNTL,2020-01-14,26.5,17.2,5.18,314.0,0.0
990:WA:SNTL,2020-01-15,27.1,17.8,11.12,275.0,0.0
990:WA:SNTL,2020-01-16,28.1,18.7,29.84,272.0,0.0
990:WA:SNTL,2020-01-17,28.4,18.9,29.84,254.0,0.0
990:WA:SNTL,2020-01-18,29.2,19.9,30.2,229.0,0.0
990:WA:SNTL,2020-01-19,29.4,20.1,35.6,216.0,1.0
990:WA:SNTL,2020-01-20,29.5,20.3,35.42,204.0,1.0
990:WA:SNTL,2020-01-21,29.9,20.6,34.88,197.0,1.0
990:WA:SNTL,2020-01-22,31.1,21.9,34.7,200.0,1.0
990:WA:SNTL,2020-01-23,32.2,23.0,34.88,364.0,1.0
990:WA:SNTL,2020-01-24,32.8,23.1,36.32,770.0,1.0
990:WA:SNTL,2020-01-25,33.0,23.2,36.32,793.0,1.0
990:WA:SNTL,2020-01-26,33.5,23.5,35.96,628.0,1.0
990:WA:SNTL,2020-01-27,34.2,24.2,35.06,502.0,1.0
990:WA:SNTL,2020-01-28,35.1,25.2,36.14,428.0,1.0
990:WA:SNTL,2020-01-29,35.4,25.6,34.52,386.0,1.0
990:WA:SNTL,2020-01-30,35.5,25.6,34.7,382.0,1.0
990:WA:SNTL,2020-01-31,36.7,26.8,35.42,765.0,1.0
990:WA:SNTL,2020-02-01,40.2,27.3,37.4,3440.0,1.0
990:WA:SNTL,2020-02-02,40.3,26.8,30.74,2440.0,0.0
990:WA:SNTL,2020-02-03,40.4,26.7,27.5,1280.0,0.0
990:WA:SNTL,2020-02-04,40.6,26.8,26.06,880.0,0.0
990:WA:SNTL,2020-02-05,41.2,27.6,34.52,689.0,1.0
990:WA:SNTL,2020-02-06,41.6,28.1,34.88,589.0,1.0
990:WA:SNTL,2020-02-07,41.8,28.4,35.42,534.0,1.0
990:WA:SNTL,2020-02-08,42.7,29.4,35.06,508.0,1.0
990:WA:SNTL,2020-02-09,42.8,29.4,33.44,457.0,1.0
990:WA:SNTL,2020-02-10,42.8,29.4,33.26,404.0,1.0
990:WA:SNTL,2020-02-11,42.8,29.4,35.42,364.0,1.0
990:WA:SNTL,2020-02-12,42.8,29.4,33.98,334.0,1.0
990:WA:SNTL,2020-02-13,42.9,29.5,36.68,314.0,1.0
990:WA:SNTL,2020-02-14,43.0,29.6,36.32,298.0,1.0
990:WA:SNTL,2020-02-15,43.1,29.7,37.94,283.0,1.0
990:WA:SNTL,2020-02-16,43.2,29.8,34.52,268.0,1.0
990:WA:SNTL,2020-02-17,43.3,29.8,32.54,254.0,0.0
990:WA:SNTL,2020-02-18,43.3,29.8,31.64,240.0,0.0
990:WA:SNTL,2020-02-19,43.3,29.8,31.82,226.0,0.0
990:WA:SNTL,2020-02-20,43.3,29.8,32.54,216.0,0.0
990:WA:SNTL,2020-02-21,43.4,29.8,37.58,207.0,1.0
990:WA:SNTL,2020-02-22,43.5,29.8,37.76,197.0,1.0
990:WA:SNTL,2020-02-23,44.1,30.5,35.06,194.0,1.0
990:WA:SNTL,2020-02-24,44.8,31.1,33.44,194.0,0.0
990:WA:SNTL,2020-02-25,44.8,31.2,33.62,187.0,1.0
990:WA:SNTL,2020-02-26,44.8,31.2,36.32,179.0,1.0
990:WA:SNTL,2020-02-27,44.8,31.3,37.22,174.0,1.0
990:WA:SNTL,2020-02-28,44.8,31.4,38.3,170.0,1.0
990:WA:SNTL,2020-02-29,45.6,32.2,35.6,170.0,1.0
990:WA:SNTL,2020-03-01,45.6,32.2,33.08,167.0,0.0
990:WA:SNTL,2020-03-02,45.8,32.4,35.6,160.0,1.0
990:WA:SNTL,2020-03-03,46.0,32.8,38.66,162.0,1.0
990:WA:SNTL,2020-03-04,46.5,33.5,34.34,170.0,1.0
990:WA:SNTL,2020-03-05,46.5,33.5,39.74,162.0,1.0
990:WA:SNTL,2020-03-06,47.2,34.3,36.32,170.0,1.0
990:WA:SNTL,2020-03-07,47.3,34.4,34.88,167.0,1.0
990:WA:SNTL,2020-03-08,47.4,34.6,33.26,167.0,0.0
990:WA:SNTL,2020-03-09,47.4,34.7,29.3,162.0,0.0
990:WA:SNTL,2020-03-10,47.4,34.7,34.52,156.0,1.0
990:WA:SNTL,2020-03-11,47.6,34.9,36.14,151.0,0.0
990:WA:SNTL,2020-03-12,47.6,35.0,34.7,147.0,1.0
990:WA:SNTL,2020-03-13,47.6,35.1,33.8,140.0,0.0
990:WA:SNTL,2020-03-14,47.6,35.1,27.14,138.0,0.0
990:WA:SNTL,2020-03-15,47.6,35.2,31.46,132.0,0.0
990:WA:SNTL,2020-03-16,47.6,35.3,39.74,126.0,0.0
990:WA:SNTL,2020-03-17,47.7,35.5,44.06,126.0,1.0
990:WA:SNTL,2020-03-18,47.7,35.5,45.68,124.0,1.0
990:WA:SNTL,2020-03-19,47.7,35.7,44.06,122.0,1.0
990:WA:SNTL,2020-03-20,47.7,35.8,50.0,120.0,1.0
990:WA:SNTL,2020-03-21,47.7,36.0,48.92,124.0,1.0
990:WA:SNTL,2020-03-22,47.7,36.1,43.88,132.0,1.0
990:WA:SNTL,2020-03-23,47.9,36.4,40.82,142.0,1.0
990:WA:SNTL,2020-03-24,48.2,36.7,37.76,144.0,1.0
990:WA:SNTL,2020-03-25,48.2,36.8,40.28,144.0,1.0
990:WA:SNTL,2020-03-26,48.2,36.9,37.94,142.0,1.0
990:WA:SNTL,2020-03-27,48.2,37.0,41.9,138.0,1.0
990:WA:SNTL,2020-03-28,48.2,37.2,41.0,140.0,1.0
990:WA:SNTL,2020-03-29,49.0,38.1,38.12,170.0,1.0
990:WA:SNTL,2020-03-30,50.1,38.9,34.88,179.0,1.0
990:WA:SNTL,2020-03-31,50.8,39.4,37.04,177.0,0.0
990:WA:SNTL,2021-01-01,34.6,18.3,34.7,303.0,1.0
990:WA:SNTL,2021-01-02,36.0,19.8,34.52,380.0,1.0
990:WA:SNTL,2021-01-03,37.0,20.9,33.98,515.0,1.0
990:WA:SNTL,2021-01-04,38.1,22.5,33.8,480.0,1.0
990:WA:SNTL,2021-01-05,38.5,23.0,33.8,442.0,1.0
990:WA:SNTL,2021-01-06,40.1,25.1,35.96,422.0,1.0
990:WA:SNTL,2021-01-07,40.1,25.1,32.18,406.0,1.0
990:WA:SNTL,2021-01-08,40.3,25.2,35.6,368.0,1.0
990:WA:SNTL,2021-01-09,40.4,25.3,34.16,342.0,1.0
990:WA:SNTL,2021-01-10,40.9,25.4,34.34,318.0,1.0
990:WA:SNTL,2021-01-11,41.4,26.0,34.7,304.0,1.0
990:WA:SNTL,2021-01-12,41.6,28.6,35.42,416.0,1.0
990:WA:SNTL,2021-01-13,43.7,28.9,34.52,1360.0,0.0
990:WA:SNTL,2021-01-14,44.1,28.9,32.9,982.0,0.0
990:WA:SNTL,2021-01-15,45.9,29.1,38.3,669.0,1.0
990:WA:SNTL,2021-01-16,46.1,29.2,34.7,547.0,1.0
990:WA:SNTL,2021-01-17,46.3,29.5,36.32,476.0,1.0
990:WA:SNTL,2021-01-18,46.3,29.5,33.8,439.0,1.0
990:WA:SNTL,2021-01-19,46.3,29.6,33.26,394.0,1.0
990:WA:SNTL,2021-01-20,46.3,29.6,35.78,359.0,1.0
990:WA:SNTL,2021-01-21,46.4,29.7,32.9,335.0,1.0
990:WA:SNTL,2021-01-22,46.4,29.7,31.64,314.0,0.0
990:WA:SNTL,2021-01-23,46.3,29.6,24.62,295.0,0.0
990:WA:SNTL,2021-01-24,46.4,29.7,29.66,264.0,0.0
990:WA:SNTL,2021-01-25,46.5,29.8,31.82,261.0,0.0
990:WA:SNTL,2021-01-26,46.5,29.8,27.32,247.0,0.0
990:WA:SNTL,2021-01-27,46.6,29.9,30.02,229.0,0.0
990:WA:SNTL,2021-01-28,46.8,30.1,32.54,222.0,1.0
990:WA:SNTL,2021-01-29,46.9,30.1,31.1,212.0,0.0
990:WA:SNTL,2021-01-30,47.4,30.6,31.28,202.0,0.0
990:WA:SNTL,2021-01-31,48.2,32.0,34.7,192.0,0.0
990:WA:SNTL,2021-02-01,49.2,33.7,35.78,195.0,1.0
990:WA:SNTL,2021-02-02,50.9,34.8,34.34,223.0,1.0
990:WA:SNTL,2021-02-03,51.7,35.0,32.9,220.0,1.0
990:WA:SNTL,2021-02-04,51.7,35.1,36.32,199.0,1.0
990:WA:SNTL,2021-02-05,52.2,35.5,35.42,199.0,1.0
990:WA:SNTL,2021-02-06,52.3,36.0,34.7,199.0,1.0
990:WA:SNTL,2021-02-07,53.0,36.4,33.8,195.0,0.0
990:WA:SNTL,2021-02-08,53.3,36.5,28.22,192.0,0.0
990:WA:SNTL,2021-02-09,53.4,36.6,23.36,185.0,0.0
990:WA:SNTL,2021-02-10,53.4,36.6,21.02,185.0,0.0
990:WA:SNTL,2021-02-11,53.4,36.7,14.36,172.0,0.0
990:WA:SNTL,2021-02-12,53.4,36.7,16.16,156.0,0.0
990:WA:SNTL,2021-02-13,53.5,37.0,26.06,153.0,0.0
990:WA:SNTL,2021-02-14,53.9,37.2,28.22,147.0,0.0
990:WA:SNTL,2021-02-15,54.5,37.4,34.16,144.0,1.0
990:WA:SNTL,2021-02-16,54.6,37.5,35.06,144.0,1.0
990:WA:SNTL,2021-02-17,54.8,37.7,36.68,138.0,0.0
990:WA:SNTL,2021-02-18,54.9,38.0,32.9,132.0,0.0
990:WA:SNTL,2021-02-19,55.4,38.5,38.12,135.0,1.0
990:WA:SNTL,2021-02-20,55.5,38.6,35.24,132.0,1.0
990:WA:SNTL,2021-02-21,55.7,39.0,37.22,129.0,1.0
990:WA:SNTL,2021-02-22,56.7,40.4,34.7,310.0,1.0
990:WA:SNTL,2021-02-23,57.9,40.4,34.34,314.0,1.0
990:WA:SNTL,2021-02-24,58.0,40.3,31.46,266.0,0.0
990:WA:SNTL,2021-02-25,58.7,40.8,33.8,240.0,1.0
990:WA:SNTL,2021-02-26,59.0,41.2,34.52,244.0,1.0
990:WA:SNTL,2021-02-27,59.2,41.3,31.46,255.0,0.0
990:WA:SNTL,2021-02-28,59.5,41.5,37.4,208.0,1.0
990:WA:SNTL,2021-03-01,59.5,41.6,38.3,187.0,1.0
990:WA:SNTL,2021-03-02,59.6,41.8,37.4,174.0,1.0
990:WA:SNTL,2021-03-03,59.6,41.8,36.86,164.0,1.0
990:WA:SNTL,2021-03-04,59.6,41.8,38.66,158.0,1.0
990:WA:SNTL,2021-03-05,59.9,42.4,36.68,158.0,1.0
990:WA:SNTL,2021-03-06,59.9,42.6,37.76,164.0,1.0
990:WA:SNTL,2021-03-07,60.2,42.5,34.52,164.0,1.0
990:WA:SNTL,2021-03-08,60.3,42.6,33.44,164.0,0.0
990:WA:SNTL,2021-03-09,60.3,42.6,38.12,158.0,0.0
990:WA:SNTL,2021-03-10,60.4,42.5,38.12,152.0,1.0
990:WA:SNTL,2021-03-11,60.4,42.5,40.28,148.0,1.0
990:WA:SNTL,2021-03-12,60.4,42.5,41.72,142.0,0.0
990:WA:SNTL,2021-03-13,60.4,42.6,42.44,136.0,1.0
990:WA:SNTL,2021-03-14,60.4,42.7,41.0,136.0,1.0
990:WA:SNTL,2021-03-15,60.6,42.9,37.94,139.0,1.0
990:WA:SNTL,2021-03-16,60.5,42.9,40.1,136.0,0.0
990:WA:SNTL,2021-03-17,60.6,42.9,43.88,136.0,1.0
990:WA:SNTL,2021-03-18,60.6,42.9,41.54,133.0,1.0
990:WA:SNTL,2021-03-19,60.9,43.4,39.38,154.0,1.0
990:WA:SNTL,2021-03-20,61.1,43.7,38.3,160.0,1.0
990:WA:SNTL,2021-03-21,61.1,43.7,36.32,163.0,1.0
990:WA:SNTL,2021-03-22,61.4,43.9,38.66,163.0,1.0
990:WA:SNTL,2021-03-23,61.4,43.8,39.74,160.0,1.0
990:WA:SNTL,2021-03-24,61.7,44.1,40.64,160.0,1.0
990:WA:SNTL,2021-03-25,61.7,44.1,46.04,160.0,1.0
990:WA:SNTL,2021-03-26,61.6,44.0,40.82,157.0,1.0
990:WA:SNTL,2021-03-27,61.5,44.0,45.5,157.0,1.0
990:WA:SNTL,2021-03-28,62.2,45.1,40.82,192.0,1.0
990:WA:SNTL,2021-03-29,62.6,45.3,39.38,199.0,1.0
990:WA:SNTL,2021-03-30,62.7,44.9,37.94,189.0,1.0
990:WA:SNTL,2021-03-31,62.8,44.7,41.18,179.0,1.0
990:WA:SNTL,2022-01-01,45.7,18.4,20.66,189.0,0.0
990:WA:SNTL,2022-01-02,45.7,19.0,30.56,182.0,0.0
990:WA:SNTL,2022-01-03,47.7,22.2,29.66,178.0,0.0
990:WA:SNTL,2022-01-04,49.5,22.8,29.84,178.0,0.0
990:WA:SNTL,2022-01-05,50.1,23.0,25.34,170.0,0.0
990:WA:SNTL,2022-01-06,50.4,24.4,30.38,170.0,0.0
990:WA:SNTL,2022-01-07,52.4,25.9,35.24,325.0,1.0
990:WA:SNTL,2022-01-08,53.9,25.9,29.48,311.0,0.0
990:WA:SNTL,2022-01-09,54.0,25.9,32.54,226.0,0.0
990:WA:SNTL,2022-01-10,54.0,26.1,35.06,197.0,0.0
990:WA:SNTL,2022-01-11,54.6,26.9,35.42,265.0,1.0
990:WA:SNTL,2022-01-12,55.4,27.5,36.68,910.0,0.0
990:WA:SNTL,2022-01-13,55.5,27.6,37.58,1200.0,1.0
990:WA:SNTL,2022-01-14,55.5,27.8,36.68,897.0,1.0
990:WA:SNTL,2022-01-15,55.5,28.0,36.32,688.0,1.0
990:WA:SNTL,2022-01-16,55.5,28.2,37.58,568.0,1.0
990:WA:SNTL,2022-01-17,55.5,28.3,41.18,489.0,1.0
990:WA:SNTL,2022-01-18,55.6,28.4,37.76,457.0,1.0
990:WA:SNTL,2022-01-19,55.6,28.4,37.04,446.0,1.0
990:WA:SNTL,2022-01-20,56.4,29.4,38.84,810.0,1.0
990:WA:SNTL,2022-01-21,56.4,29.2,34.7,816.0,1.0
990:WA:SNTL,2022-01-22,56.4,28.6,36.86,633.0,1.0
990:WA:SNTL,2022-01-23,56.5,28.7,40.1,534.0,1.0
990:WA:SNTL,2022-01-24,56.5,28.7,37.58,473.0,1.0
990:WA:SNTL,2022-01-25,56.6,28.6,35.06,425.0,1.0
990:WA:SNTL,2022-01-26,56.7,28.5,37.22,389.0,1.0
990:WA:SNTL,2022-01-27,56.7,28.5,37.4,359.0,1.0
990:WA:SNTL,2022-01-28,56.8,28.6,39.74,329.0,1.0
990:WA:SNTL,2022-01-29,56.9,28.6,39.56,311.0,1.0
990:WA:SNTL,2022-01-30,56.8,29.1,39.38,292.0,1.0
990:WA:SNTL,2022-01-31,57.4,29.9,35.6,339.0,0.0
990:WA:SNTL,2022-02-01,57.5,29.5,30.38,301.0,0.0
990:WA:SNTL,2022-02-02,57.9,29.4,27.86,287.0,0.0
990:WA:SNTL,2022-02-03,57.8,29.7,36.68,274.0,1.0
990:WA:SNTL,2022-02-04,58.0,30.0,34.7,256.0,1.0
990:WA:SNTL,2022-02-05,58.1,30.2,37.58,252.0,1.0
990:WA:SNTL,2022-02-06,58.1,30.3,35.6,234.0,1.0
990:WA:SNTL,2022-02-07,58.2,30.3,37.58,226.0,1.0
990:WA:SNTL,2022-02-08,58.2,30.4,35.96,222.0,1.0
990:WA:SNTL,2022-02-09,58.2,30.4,37.94,214.0,1.0
990:WA:SNTL,2022-02-10,58.2,30.5,40.1,214.0,1.0
990:WA:SNTL,2022-02-11,58.2,30.5,37.22,218.0,1.0
990:WA:SNTL,2022-02-12,58.3,30.5,40.1,218.0,0.0
990:WA:SNTL,2022-02-13,58.3,30.3,40.46,214.0,1.0
990:WA:SNTL,2022-02-14,58.3,30.4,39.2,218.0,1.0
990:WA:SNTL,2022-02-15,58.3,30.4,38.66,218.0,1.0
990:WA:SNTL,2022-02-16,58.3,30.4,38.12,214.0,0.0
990:WA:SNTL,2022-02-17,58.3,30.3,38.3,209.0,0.0
990:WA:SNTL,2022-02-18,58.4,30.3,39.56,205.0,0.0
990:WA:SNTL,2022-02-19,58.6,30.6,37.94,201.0,1.0
990:WA:SNTL,2022-02-20,58.9,31.0,34.7,205.0,1.0
990:WA:SNTL,2022-02-21,58.9,31.0,32.54,197.0,0.0
990:WA:SNTL,2022-02-22,59.5,30.9,21.38,189.0,0.0
990:WA:SNTL,2022-02-23,60.1,30.8,23.72,178.0,0.0
990:WA:SNTL,2022-02-24,59.5,30.9,26.6,178.0,0.0
990:WA:SNTL,2022-02-25,59.8,30.9,29.66,170.0,0.0
990:WA:SNTL,2022-02-26,59.7,30.9,38.84,162.0,1.0
990:WA:SNTL,2022-02-27,60.3,32.2,36.5,162.0,1.0
990:WA:SNTL,2022-02-28,62.2,34.8,35.42,218.0,1.0
990:WA:SNTL,2022-03-01,64.3,36.9,37.22,540.0,0.0
990:WA:SNTL,2022-03-02,64.9,36.7,37.58,545.0,1.0
990:WA:SNTL,2022-03-03,65.1,37.0,37.22,489.0,1.0
990:WA:SNTL,2022-03-04,65.1,36.8,37.4,446.0,1.0
990:WA:SNTL,2022-03-05,65.1,36.8,39.2,389.0,1.0
990:WA:SNTL,2022-03-06,65.2,36.8,40.82,344.0,1.0
990:WA:SNTL,2022-03-07,65.1,36.9,42.26,311.0,1.0
990:WA:SNTL,2022-03-08,65.2,37.1,38.48,287.0,1.0
990:WA:SNTL,2022-03-09,65.4,37.1,31.28,269.0,0.0
990:WA:SNTL,2022-03-10,65.6,37.0,35.96,247.0,1.0
990:WA:SNTL,2022-03-11,65.4,37.0,37.58,239.0,0.0
990:WA:SNTL,2022-03-12,65.4,37.1,42.98,222.0,1.0
990:WA:SNTL,2022-03-13,65.6,37.3,40.46,209.0,0.0
990:WA:SNTL,2022-03-14,65.8,37.8,38.66,205.0,1.0
990:WA:SNTL,2022-03-15,66.4,38.4,37.04,265.0,1.0
990:WA:SNTL,2022-03-16,66.6,38.4,37.4,283.0,1.0
990:WA:SNTL,2022-03-17,66.7,38.3,36.5,269.0,1.0
990:WA:SNTL,2022-03-18,66.7,38.2,39.74,256.0,1.0
990:WA:SNTL,2022-03-19,67.3,38.7,36.5,252.0,1.0
990:WA:SNTL,2022-03-20,67.5,38.8,34.16,252.0,1.0
990:WA:SNTL,2022-03-21,67.6,38.8,40.28,234.0,1.0
990:WA:SNTL,2022-03-22,67.6,39.0,43.16,230.0,1.0
990:WA:SNTL,2022-03-23,67.8,39.2,45.68,297.0,1.0
990:WA:SNTL,2022-03-24,67.8,39.3,41.36,404.0,1.0
990:WA:SNTL,2022-03-25,67.9,38.3,44.78,389.0,1.0
990:WA:SNTL,2022-03-26,67.9,38.2,40.64,354.0,1.0
990:WA:SNTL,2022-03-27,68.0,38.5,45.86,384.0,1.0
990:WA:SNTL,2022-03-28,68.0,38.4,43.34,489.0,1.0
990:WA:SNTL,2022-03-29,68.0,37.9,47.48,528.0,1.0
990:WA:SNTL,2022-03-30,68.1,37.5,42.08,563.0,1.0
990:WA:SNTL,2022-03-31,68.1,37.1,42.62,551.0,1.0
990:WA:SNTL,2023-01-01,25.7,14.8,33.62,385.0,0.0
990:WA:SNTL,2023-01-02,25.7,14.8,29.66,325.0,0.0
990:WA:SNTL,2023-01-03,25.7,14.8,29.48,287.0,0.0
990:WA:SNTL,2023-01-04,25.7,14.8,29.3,256.0,0.0
990:WA:SNTL,2023-01-05,25.9,15.0,34.34,230.0,0.0
990:WA:SNTL,2023-01-06,26.2,15.3,34.7,222.0,0.0
990:WA:SNTL,2023-01-07,26.5,15.4,35.6,205.0,1.0
990:WA:SNTL,2023-01-08,26.8,15.8,34.7,193.0,1.0
990:WA:SNTL,2023-01-09,26.9,15.9,35.24,189.0,1.0
990:WA:SNTL,2023-01-10,27.4,16.4,34.7,185.0,1.0
990:WA:SNTL,2023-01-11,27.4,16.4,34.88,174.0,0.0
990:WA:SNTL,2023-01-12,28.8,17.9,34.34,189.0,0.0
990:WA:SNTL,2023-01-13,29.9,18.7,34.7,385.0,0.0
990:WA:SNTL,2023-01-14,30.1,18.6,35.78,450.0,1.0
990:WA:SNTL,2023-01-15,30.1,18.1,37.04,422.0,0.0
990:WA:SNTL,2023-01-16,30.4,18.3,35.78,349.0,1.0
990:WA:SNTL,2023-01-17,30.4,18.3,34.7,306.0,0.0
990:WA:SNTL,2023-01-18,31.2,19.2,34.34,269.0,0.0
990:WA:SNTL,2023-01-19,31.2,19.2,32.72,251.0,0.0
990:WA:SNTL,2023-01-20,31.2,19.2,30.56,226.0,0.0
990:WA:SNTL,2023-01-21,31.3,19.3,34.52,201.0,0.0
990:WA:SNTL,2023-01-22,31.4,19.4,32.9,189.0,0.0
990:WA:SNTL,2023-01-23,31.4,19.4,33.62,177.0,0.0
990:WA:SNTL,2023-01-24,31.4,19.4,35.6,161.0,0.0
990:WA:SNTL,2023-01-25,31.4,19.4,35.06,154.0,0.0
990:WA:SNTL,2023-01-26,31.4,19.4,33.8,143.0,1.0
990:WA:SNTL,2023-01-27,31.7,19.8,35.42,136.0,1.0
990:WA:SNTL,2023-01-28,31.7,19.8,33.98,132.0,0.0
990:WA:SNTL,2023-01-29,31.7,19.8,23.9,121.0,0.0
990:WA:SNTL,2023-01-30,31.7,19.6,23.72,98.5,0.0
990:WA:SNTL,2023-01-31,31.7,19.8,27.68,103.0,0.0
990:WA:SNTL,2023-02-01,31.8,19.9,34.7,104.0,0.0
990:WA:SNTL,2023-02-02,31.8,19.9,33.98,99.9000015258789,0.0
990:WA:SNTL,2023-02-03,31.8,20.1,35.96,98.4000015258789,0.0
990:WA:SNTL,2023-02-04,32.2,20.5,35.96,104.0,1.0
990:WA:SNTL,2023-02-05,32.2,20.6,35.96,97.9000015258789,0.0
990:WA:SNTL,2023-02-06,32.2,20.7,36.32,98.30000305175781,1.0
990:WA:SNTL,2023-02-07,33.1,21.4,35.06,122.0,1.0
990:WA:SNTL,2023-02-08,33.5,21.9,33.8,129.0,0.0
990:WA:SNTL,2023-02-09,33.8,22.3,34.16,113.0,1.0
990:WA:SNTL,2023-02-10,34.2,22.7,36.5,115.0,1.0
990:WA:SNTL,2023-02-11,34.2,22.7,34.16,116.0,1.0
990:WA:SNTL,2023-02-12,34.2,22.8,36.32,111.0,1.0
990:WA:SNTL,2023-02-13,34.7,23.6,34.7,139.0,1.0
990:WA:SNTL,2023-02-14,34.7,23.6,30.74,139.0,0.0
990:WA:SNTL,2023-02-15,34.7,23.4,29.12,131.0,0.0
990:WA:SNTL,2023-02-16,34.7,23.3,33.26,124.0,0.0
990:WA:SNTL,2023-02-17,34.8,23.4,35.06,126.0,1.0
990:WA:SNTL,2023-02-18,34.9,23.4,36.5,121.0,0.0
990:WA:SNTL,2023-02-19,35.0,23.5,35.06,117.0,1.0
990:WA:SNTL,2023-02-20,35.4,24.1,37.04,127.0,1.0
990:WA:SNTL,2023-02-21,36.0,24.8,34.52,157.0,1.0
990:WA:SNTL,2023-02-22,36.1,24.9,33.08,145.0,0.0
990:WA:SNTL,2023-02-23,36.0,24.8,20.66,142.0,0.0
990:WA:SNTL,2023-02-24,36.0,24.6,21.02,134.0,0.0
990:WA:SNTL,2023-02-25,36.1,24.7,31.1,121.0,0.0
990:WA:SNTL,2023-02-26,36.4,25.2,30.2,127.0,0.0
990:WA:SNTL,2023-02-27,37.1,25.4,27.86,120.0,0.0
990:WA:SNTL,2023-02-28,37.4,25.6,31.64,113.0,0.0
990:WA:SNTL,2023-03-01,37.4,25.6,30.56,110.0,0.0
990:WA:SNTL,2023-03-02,38.0,26.1,30.92,103.0,0.0
990:WA:SNTL,2023-03-03,38.5,26.7,31.82,100.0,0.0
990:WA:SNTL,2023-03-04,38.7,26.9,33.8,97.19999694824219,0.0
990:WA:SNTL,2023-03-05,38.8,26.9,35.06,94.0999984741211,1.0
990:WA:SNTL,2023-03-06,38.8,26.9,33.98,94.0999984741211,0.0
990:WA:SNTL,2023-03-07,38.7,26.8,37.58,88.0,0.0
990:WA:SNTL,2023-03-08,38.7,26.8,36.68,88.0,0.0
990:WA:SNTL,2023-03-09,38.7,26.7,35.6,85.0,0.0
990:WA:SNTL,2023-03-10,38.8,26.8,34.7,82.0,0.0
990:WA:SNTL,2023-03-11,39.0,27.0,34.7,82.0,1.0
990:WA:SNTL,2023-03-12,39.1,27.2,36.14,79.0999984741211,0.0
990:WA:SNTL,2023-03-13,41.4,29.4,35.06,97.19999694824219,1.0
990:WA:SNTL,2023-03-14,41.7,29.9,35.6,103.0,1.0
990:WA:SNTL,2023-03-15,41.8,30.0,34.88,97.19999694824219,0.0
990:WA:SNTL,2023-03-16,41.8,30.0,36.86,91.0,0.0
990:WA:SNTL,2023-03-17,41.7,30.1,38.12,91.0,0.0
990:WA:SNTL,2023-03-18,41.7,30.1,39.38,88.0,0.0
990:WA:SNTL,2023-03-19,41.7,30.2,40.1,88.0,1.0
990:WA:SNTL,2023-03-20,41.7,30.3,42.26,91.0,1.0
990:WA:SNTL,2023-03-21,41.8,30.6,45.68,100.0,1.0
990:WA:SNTL,2023-03-22,41.8,30.6,47.12,107.0,1.0
990:WA:SNTL,2023-03-23,41.9,30.7,41.36,110.0,1.0
990:WA:SNTL,2023-03-24,42.1,31.0,36.32,113.0,1.0
990:WA:SNTL,2023-03-25,42.2,31.1,36.32,117.0,0.0
990:WA:SNTL,2023-03-26,42.3,31.1,36.5,113.0,0.0
990:WA:SNTL,2023-03-27,42.2,31.1,42.44,110.0,0.0
990:WA:SNTL,2023-03-28,42.2,31.2,44.24,107.0,0.0
990:WA:SNTL,2023-03-29,42.3,31.3,46.76,103.0,0.0
990:WA:SNTL,2023-03-30,42.3,31.4,46.04,107.0,1.0
990:WA:SNTL,2023-03-31,42.3,31.5,39.92,110.0,1.0
990:WA:SNTL,2024-01-01,24.1,6.4,32.54,227.0,0.0
990:WA:SNTL,2024-01-02,24.1,6.3,30.2,213.0,0.0
